0082c5a7d6989611db380406e1d02ce5c7ddd131.mp3,248GJT1H
0085df102057c13c8202c5305a4bdf96fda3edb5.png,S82NU6SF
009c94adbe58e20e164d39fbd09912f209ca8bf2.png,WMMPBGML
00a64739d921073b34409d8c8ccac62456da952a.png,DHQNP9C6
00abed18472b4b78f84002fe84ebfec256d13fe6.png,VTN9XJQM
01618595e9f6a8970395a314607b9bbe1e76f204.mp3,LW0KEGQ5
016d11fd956aa92cd9cf3794e1fcd37c9f677331.png,6D2JMV2S
01891bed9fca52d6ac0407b459131545c790c82c.png,9Y7M4OY3
019548dc4d3c9e87e547cb816b08090603611e7d.png,KP0XPSW9
01ec60ba3f63021ff9f40c53a9ae3b23b7024391.mp3,C7YBJE4G
0224c5f3cbf1fc97fa1bacb4f67eb9ddf16f1a67.png,TEZ6QUW4
023982c631a1cc4a76fe37dc4ca1d23b649665ff.png,M92SFVTF
0255181f3adab290404c1254e057af03cfa95589.mp3,MPBHMNJZ
0265a40fc54c8b9c67047b6071254a28591ed74c.png,FESTFLDX
029b3c65e5d542fe5a45555e6bdb6d47f8caa0f9.mp3,R3HCGLR6
029cc9841d8b6a2b4eba1db37288b8f96b122045.png,IKQMAIZD
02a81a7e0ba578173cb1e6fe6e5d691231a245e3.png,2JTGORDW
02ab2ccf3764e5ad3247de8fd664f806195f34fc.png,0F5NRBBC
02faae935ea40b5ede86a0d91f3cf4d13f200ee5.png,FNT0BTIF
030ecbde876de9df15cdb5eb209367c7cda3eea4.mp3,909BS9XN
032391cb8ba85651ef2e53026590160b43570af6.mp3,27E5QSV4
033434b0ece581600e3a2b64651983921ca43663.png,2K8CXV6F
0377039712cdd38324e65112fcc6389e6d5cdc11.mp3,IWRFKYSC
038a6564892337e4e20127b5c40abe4e43b2351a.png,CNVQPUWG
03907ff571cddde4c155f8e922acc7bc3845a011.png,ZHBRAQY9
03ce2a07a9ced2143a5d6250cc38c9350d9875ea.mp3,8W35BS3P
03d5df0ad367a02b3e6e126e4c254892c2ea7094.png,7YBKDCAZ
040c9166f6b6bdff7552ce6c479060ce4d336c09.png,KMNTIJSK
0461314dc16a64fa135912b1a27639d4cbd3bf76.mp3,MQLV9YEU
047144c7d00e6650c5e56666ba7786efe05a637d.png,AP2LGZ06
04774178885adac6f54fba7993a0893facad0205.png,5W50SD2M
047bcccb2054548db27091c55be8dff32ee685c5.mp3,6XBWCMX3
049c2a44951b9b2c9c451a6e6bb674e5491b6c0f.mp3,2NODFJNZ
04ccdfb190932f12291c4027cb633a9b55d850a4.png,C710OKMP
04efa3b93eed44be3e826144276401c5d2ee2b81.mp3,GOMUJ82J
052e2bdcaded9ec03473546d062143e19b2b48dc.mp3,9MOJECR9
0535438cf03822ca8de760e86413f98d4789a63b.png,FZZSEZ4F
058d79648cfb1aae207f77ffffb95ea17119a39a.mp3,L3BQB715
05c3cbc24b88d9837b2c491cf370059c9ef52ee5.png,0PH16IFI
05c7f33698ef925f0296e97c406c2625a68089f8.mp3,C92P8T5R
05d50cb7a54724895de5e04923f82fb4de7e863d.png,0FUJMT7V
0605e69c63201c9519165ebf6e5f0845ef40fd23.mp3,CQ4A7JND
06126e3de970b02d4a99241c765dd9af717ef893.png,IZ41Q2QY
063d9cb09138b6775485215218698666abcb33f0.mp3,YBCK115U
06777948ef021eec9f8a53ffc7d04a16c6a65d7d.mp3,SH6089M8
068cc6bf87f7641898fb98604a53c4972e8b8b1f.png,V5BS9AYB
068ce0e52dde770647a235ee0e544b178e81aede.mp3,LMY5E779
0690fefa426313027584267266d86aef522d8393.mp3,A7EK1D5O
069f30688b110fb936d7f972746898f255d8b5ba.png,PVELSIFB
06ae295ddbe4caae0fe0157fdc4e8ed47635c669.png,NATLL3O4
06bea7b04eb726bfbec48808d969e9ea65037925.mp3,OGR4XFCQ
06c332e6bbffc04de799bb33e670815676dbbd43.png,MG45H1X6
06d6109b5b2f705d0b5fc829db20f79172f99225.mp3,UCDMI4S7
06e4b5baf0a3085a89ace867ce8cb8680a4bd3c5.png,6TGNCNDW
06f097201f169582dec8d88f7ede67daf3535ab0.png,KJ7T3A97
072502108f23877f2e452d25e6482b278ec59d64.mp3,MYWDIDU4
0791e5bae6223055ad1a40d72d95939fc6221a0d.png,4HIKLA8R
07950f840345073876471234b9ad6311f644a364.mp3,SFYZ6UH2
079c678884dcb1514202eaf4de152c0b0fbef294.mp3,NWMCK1FO
07bf63a3e76eb0835aeba7fd2df9b0abb1bc0642.mp3,LNAH55CE
081ec2075bbcb8fca79673e1a7030495fa85792d.mp3,HEVM9SJP
087f2211020defc685496eee846353204ebc967f.png,B9WP6484
0887ddf0908a7afcca4c62d9412db398a294699e.png,S0JGYBTJ
08ca6af72852ecad32f30bae7f6aae5c7a55ac01.mp3,1IPCAVS0
091667ab47c70460c01329ece772ed385f6e6684.mp3,6SLXUF7H
093e5e7404e15e16e4aba25601e8c7dd2b69800c.mp3,XKXPNI98
09c5980d5e4bc9710da9a8a865c525452bca01e8.png,B64RF6O7
09dec881e0c8c75c858cfbf5eac8aa479261d499.png,GYMIUZGT
0a0ae08705a76173470469e9be4d764e59db065b.png,Z6HVO48D
0a181087564b37a4f0e5ca09fc4c56c13cb16160.png,QEMWZ9NY
0a35987b30dedd25ebdd1c795a3f19ebede2ff4a.png,PIYHHN1N
0a38c523f12966941abf79f023d92c243ee8538b.png,Y5DSTKUG
0a8254b834e09459a49f7ca55dfe293a3e7fd432.mp3,0YZSR6VZ
0acae867f14a3f6b13aaa1994153da649384f81e.mp3,CORC9QA4
0adf4c4d3c9e1f5fb6bd0f240bd223b192201cf4.mp3,HCHWKK27
0b0f980f547b73462105109723eef5381021594f.png,PKSNPU4R
0b140a5fca1cac7e66c92d0a4995a872de484116.mp3,JUJ0VI3P
0b2968127be544bbdeb981a38200e40f64abbb27.png,PN10EZSU
0b837925054082923d9cc257c0b4a3360a2c6616.mp3,4MZJAXAK
0b9378a3e5ab8922b5cb97eded4c17f400dfd7f3.mp3,QUTLYFND
0bbc42504fe594d400712843f3c4238d1c374945.png,TJA2AWH9
0bcf88f8e6a53afbee71a61c72c58844f9638431.png,QZ0W2A4F
0be8c233569d95bda24cda385d4434787d52f3c6.png,LRFB72NN
0beaca5072ed4703b6c9b26fba6bc7528694346e.mp3,2DSWZLC0
0c290d1ad0db7d06c93bc779228ff24c835d2681.mp3,HOJ6IC3B
0c5bdc22aba2f51ab76e8e4ffe8df7ef0f4e7a6a.png,OXY5ECF4
0c931ab7e1ae9bded008cdc495d753da8aab7efa.png,LVD3MAT9
0cd123b1da78637cecb4c77f2958a6b6856b9fd2.mp3,C5CVKS7L
0cfabed24d853a71add2c6dd3a21994c295a91a6.png,5A3MEQPN
0cfe5df9bf74281d935c24778de03dca2820591f.png,RVYJVVZ3
0d101d862b7c0d4f4d638c6e78a6e8d3c638bcb4.png,TUE8JJXT
0d40a4ec5a6807dfdda899000f024d01e74e1c04.mp3,KHDU1P92
0d8321208d41b4ae384fc22dfe5aeab98c09c721.mp3,NI41WEIT
0d98511c281723b3ed10ba12cb9e575c897e53fe.png,O0VXOXE9
0de1327f0231cf22833fbd18b83d6923c8243e03.mp3,WI8MK7O0
0de73e2e8679ed4f2b82cecb7c978dbe1df6a83f.mp3,LBSN8W2E
0e6a99882efbdcbbb92bb75ee7da222d8afe1e57.png,FWW38AE0
0eb177c724b0034738ea5bfd49c605b7c74543fb.mp3,Y61CNKCS
0f04dc272d6a6bae4c8fdbbb4dcbd22be37f34ba.png,6O1AQUG9
0f15793aebc59f0182cc80f8ad2d583e6389dbbe.mp3,AYA6EK5T
0f168f57fa4eac745b5506ac56dc2594254bdcdc.png,144EFQIE
0f4e63b529b939b81658525bb98fce31735f81ad.png,KMLDZHY1
0f509babc5745ca50edbd63fe2b59b2fb04dbad6.mp3,9ETAE1XS
0f8fa5e348d4adf6f1f7ac148ed9d623fd2305a5.mp3,OPH37DMP
0fb26829cdfbef0deba388a70a35ded758279197.mp3,GY8FNPPH
0fdf9c07f1da6dda133df8400e50a13458716413.png,A6USF5LK
0fe2001f061a707630825cf0dc8fc3334068cb2f.png,8ON3VM4M
0fffef45c6ee7921e2106070c73aa7def3c2067d.png,G0FNDFDJ
101e34a95d1028fd23e504039056bdc1a8c9ca97.mp3,47ENO9ZY
10634984d6a7d62abd47cc489fccdd70b1ee53e8.mp3,BVJU0K2Q
10ea85d4cba3d937c8c609010ee0b2c546a947ab.mp3,JRW136KC
10eab5b59dad48e70261170d353558edbc57fbec.mp3,EF4SZO2J
10f8c7f8009b684c91b03ed7e5ba90cdbc82cbdd.mp3,OMZCGBPQ
112b81871d2a43fb8b590c258ac1b40ba77079e4.png,S57YXAKS
1158026c5c8af25abe1913a829df2e0e123a8ecf.png,JDOAQLN1
11aff8b9ead0906f441351c64b173386c81baf15.mp3,U32Z8S08
11c51ee07551dea2831183230ecbd1aca6febba8.png,PRQRB013
11ee954ecac762c36fea2d7aca985e11318ebc33.png,L0MNMGWY
120fcb0611c2ce970ff7bca76ac7eae64f0ed7f3.png,V4LKDFKT
122c5e7df0f00e8e39ceb8d627b7e83a9784d803.png,F7CYSYS8
12492ca074e53da166cc0554ababdf38c496ace3.png,FI09KS88
12697136564a6a99079a423b30e1b733d5c90bdf.png,1O6WSPCJ
1294b04577caa04ac7e7756ead6db292e116c1ac.mp3,5B86PEQG
132bcdb09abe373f0c751f1364bbabbb4ecb384b.mp3,WD97GL14
1354e34ead086dabf76245c9901e73a3117cacb8.mp3,ZU35QI4O
135c7b858adb55f9b343f1e81cb6b0644745b59e.mp3,MK777LO1
1398bbb499075b6b5ea0f1ab0e3571d3eeb26e1a.mp3,TNQ3IDS7
13dc43492fa54bf6b3717215e0fed31bca8489c5.png,2OL41YHE
13dc625b64afc938640a80f1413f50470ae8ea20.mp3,I8VUX56T
13de479a0a558486e415150f8874c6f4d17a509c.png,EQE0YCHL
1427453097a297370c88c4b72b3b3390f8633059.png,NILKAN0I
144f1bec2b6688aba7baf7070caca0510f9d1987.png,ZQOW3KA3
1495e0acaa1ec1c242250783cab37ef7083afe0d.png,34D9MBJL
1574e731877bf7c0946db5dda1556a13c16fc9a5.png,40BY2MK2
161b0c09e4e0c4d8a9afba9e98a2a78e5be1b42e.mp3,Z1U0RW0F
16423a63dbaee44230633f71ad4ffcfaea4c50c8.png,91L3PEIL
166d0d50f8772e17a86532417bc08fc69200dc8e.png,OBEHCPD5
170a6385a6af9930b0daf95a922940e9fd63943f.png,UP428B0K
171bd9a8b0178991ee878c9435298dcad221b850.png,XYELFL26
17360a9025a4832f358ea3fbe2e4727ff9611415.png,DVGGRUQG
180e2422ecc6904b4691c810e7a2d81837252027.png,3FY02M5A
18399edc0f8a4afd47643f7f66b25ca4e2826a5d.mp3,T6EYBW8P
1844640543b77e9b0831fdec8ccbe6762c8fb6bb.png,TR8WCWMS
188a00b301c4fd9ad6dd9607388a8687c62df349.mp3,1RWI3M9S
18b490ffb427cd1c48c8f6dd0eb52169d0e80a09.mp3,P7RCK5DR
18b79f0dbcfdbde69e1195bc203f1829a7f1f514.mp3,BY8GHHZC
18c868442373cf6183a6479d74d9a3a756a00ca8.png,SESBDUKW
18cea27d54038294ba776ab8284cbcf4f41516d0.png,DZS0FP4J
18f2dda74837fcfb3775e4e8c8253886dab11f2b.png,G1DZQYYF
192033abb80904cb403903fe757488d515f4ae84.mp3,L0JR83A2
1921ba95db6b578448a6bbf65bd998057e136ccc.mp3,L3VRMXK8
192f983f131bc891dda08fee2062294180277071.mp3,EALRPL37
195f73c77c8e29e0723adc86228ff7a0e8d107bf.mp3,11SK2I50
19bbb317f0339154b9eb081c927ca12b953e2e50.mp3,2IUJTQX6
19da8adc388e0f073383d28b838df68fa4f3b1fd.mp3,OHA089ON
1a0db0a80b86f5c274d86ed4906516b75c9a6cb3.png,W87ML79V
1a16c51185554408223438cd25a60f5b49f10572.png,5KDT7OR0
1a34116df331c638f605a3797fab0900339ecb20.mp3,UE0IVNLE
1a38f40274a50c340c08330273b5eab193289f82.mp3,O7VDDG11
1a7ed202ad7fdbc15364ad6fa4324ff9cb440a38.mp3,HHSIACP9
1ab1717f85b2599990943f9c5f7566cdc3b2c84e.mp3,KLJMEHLX
1aef086b70fada942d45f86b0924603b994d6a22.png,RAV1EPZJ
1af5d0dc533779af00e20c1c7612ce36221acffc.png,QL67PABU
1afd73eb3b4c1db750770f3e1dde343562ff8b80.png,HHMO8RLG
1b1529303379516f9942628218edbc0b180ae49a.mp3,IMYF468G
1b538133ee11a3786f9a1ca50c8650b7b8cf4a97.mp3,UVLYKE70
1bb7e53deae14bbadd6cac5e2e363a3612364eeb.png,B0R7JHPL
1bba8aba130b2852268dde54bc86131992d68783.png,ES8ZZVWJ
1bcd3f9bf684e2acdd330e7f87724e6ec6933ab3.png,UJRF0TPA
1c04109850441576dd7e63d0c1904630048ee803.mp3,VR13UJW4
1c32ee07223d7e96a8b1d52c22d47080a3161223.mp3,YFXKMJIK
1c3adcad5c4f9d5ad2d6098b16dbcb2a8a7f2fac.mp3,LXD1037A
1cdc3c4c711434f040aa818c91f0a48ad62416e5.mp3,SI9MJ2CM
1cfb5cddc2e56eb3abde98d4593005f1020aafd4.mp3,ZTLWWDC8
1d1a03f12ecd8500edc5b6175845c9799e03ecf3.png,ZMO5MVMB
1d3137b568d0fe383ccf9d36e19da0fa9fc20d49.png,SPFS2OG7
1d662982b9c16626bef4a27d5bf6cfe742e79bc5.mp3,S8HH1J48
1e02fbda94c03ed10e48198438a6980667c3aa25.png,EAWFHUJ5
1e17828ca1607b25b9afda61e1b1ee06b9fc3a7d.png,DZWCHFTH
1e2bf4d128b536f3bff399690c59945264e502b6.mp3,1CXDUWK9
1e60758a0b09bf3af790a4b6e99fee8e891b519c.mp3,EF70WUSG
1f26f6c601d419de101d4d7be5ba9098d9e9429c.mp3,OC3W36BV
1f28ae8adf8a9b19d11743c358ec621b82eacee9.mp3,LJ13AA3R
1ffe8521267d2ddbdf07ecfeb6666b0a57862266.mp3,T2C131WB
202709e0c0551d72c894a3eab1752f7b5677172a.png,CZ4RUFYB
2081c71905c6f1457552abe251049a3318386251.mp3,PT7H1ZLH
211ab2168319f7e65903ade0c1dfda60a7eaa3ee.mp3,UIMBRC8C
213a3a3a5fc7dbe3b8a8cdd086644bbf4610bac9.png,PGHZSGMT
2147f7c88a1c68bb7d0d78325cf028cad145b504.png,KZ8AMX3T
21750409553a0beee7324691cb7047ce582bceca.png,RUKPCQ99
21cd64eb2f802e632759954177e8b00e26b32fc5.png,TMZAU8AD
21d2a96128ca73e4658bc3a1ea080cd6b1d0e0fd.mp3,FDJYM3NZ
21e2e7899b87edbeba618ac11be5fc112b3faa10.png,KEPUWDAH
2206164e45d7d4b5e024c7c7d3b2a851125b772e.png,VPJDQH49
221ec297fece6792594212b36e1e9de69ad1422e.png,V4SDUWMD
222b1f3ade3020ab8ad85eda7f6d15fb06466e83.png,APQQFWBI
2235683379ee307d12d0ac94c3c220b142268dc4.mp3,59MGJT65
226cec6f3a6d1b440943689b1b6d8d4bde7adc60.png,TDSBWB22
22b47a0b9d8b42c56cccffa3a4c1904b8a4654fe.mp3,XC6W26HO
22b994133010556b6c86b2f53fff8e5127e61f16.mp3,E2SDA0VZ
22fe1aad232d5819dbedbf37c213fe190a5c1ca0.mp3,4BDVY1HM
2308b199e91ba7bbc6725d61eb8768cfcab2ba51.png,MAE8QYWM
232b6423a9b570c1301d560ba9cb8e9711f4540d.png,1HI6363F
232eda1e4bbade3bdfaeed133bf066a48ac359fd.mp3,8OYLM6DY
234cfd2fcadfb1c4090c3dd3e7726c728832bdc6.png,5EQHIUG4
23806b49f76d8af05ca380feb5a6ee05eef52311.png,8QSYN44E
244c1d8b5f2a7800ddb0ed9308547f04387009ca.png,87VFVTYT
24a8a79125acdd3a3b5f3bf90f2a9ab84cf10f11.mp3,80KXVUJH
24ac85afbb77329109f10fd941d6ecb9966cc22b.png,SVHCSQFJ
24b3c7502d8b10d869b12d64164f7696551558c3.mp3,OK9JFN5J
24c693156cf5633e651a47d0ff4fb9aa260a6980.mp3,GAL5UBJ6
24ded468fb0fa3aa6aa16740c00b5b91cb26413d.mp3,YBMLWPS6
24e8c140a69a7c0c1d4fb436e7520d5694815f6b.png,RYQGRGM1
25268fcabd318eb365c720eca4cb93ec068e7fd0.mp3,DJSIW7QX
25633a3bf5880caacc81f24e6fdfd96522f0187e.png,KVJ19GNM
25b6612b9bb6139f18ab9d572842999c5825fa11.png,CHS3OPA7
25c222b1b7ddf812de7e61be44e54b2689d4f9d9.png,RLBLOFF9
25eee7ba0f4a7af05ee51e985a522efd0d46741d.mp3,5SL2TTDB
26610099c152ca9a96a08e5efdc8403849ea601f.png,J1GZVC6E
267d6c0e03b64a52dbcf2e7315d75325bcc7e4a7.png,E96919LL
270a013545e832a62135d3336ce226a77f4188cd.png,557N0DH5
274059d2b8ca8aa9ebd2d92f18ec5988d6b9f124.mp3,OLYYTTA3
27912c4f42d2e218f8c631b8707cf135f95fc931.png,EB83QDKQ
27a380163e5f4a6779817dc17ef373693df16971.png,13SZALYD
27eff60f2378d1c513947362c42773940b2f05d3.mp3,1PWESSC2
28544a45a0bc80676f5ba7602a70a691615c60f0.mp3,C2IFTCRB
285ffe5eb2518514ab050c12fad74e70c89fcf79.png,Y205LL94
286fd75ff6c98775bf1c5eef81db7de518fcb89c.mp3,AFBC7SWH
28ac71ef07cf19cb8a9f4601ad3387e0b281564d.mp3,2CSYLY16
28ddbd5dd5e59cf9f2652170ccd114b26667cdd6.png,GCSQXOLR
28ead9deadca4796d42e9b3889f2dc57d6f687f7.mp3,878YFP7F
28ed53ec46deda8625d4dbed394e1f96b3f6e60f.png,SF42QNTE
292afaacd823c89936c1e4a48bcf3dfa026fb2c8.mp3,3I362EC9
296908f10aed86cdd113b56b7d1d1b67595006a2.png,JK990KVU
297271386cfddb5365e45d38e75bb89e23472c76.mp3,DG6709LL
298c264ff1d9f9fe7c88676cf020f4fb4498430e.png,7P880E5U
2995c896fa4c1a9b06fe849b843b2ccf8fa0d757.mp3,GPMWFJ4A
29991142148ecb2867e92343faff8c3f11a1f2f8.mp3,6S496WVH
29a5c0b9f105b5b96191f9f442ea5d34f93750b0.png,NFMSBUEL
29bc61243cd4c111955fcb3933ff2697c8b91acc.mp3,1XPYOBZS
29f3c577e4d49df225222ea20fde81d5979634ef.mp3,UCW006YV
2a58b19d5c3969a477fa9e4a6bdac1d3ecf7da93.mp3,YSEV73RZ
2a620a0d66a9d4a95d6e5617bb260e6d4d2537f4.mp3,2N3OZNX5
2a6a30b9b5ce1db8a57b5fb9e8248ab4c38260b6.mp3,JFFMARMI
2a71f5836685202fb75d32cf24acfa3e52388775.png,PF9D797U
2a7c0ddbb368f199199ec7b880440059676c751c.png,5SXNC39L
2a9c95bbf7d213f589929233cb12a857d0045fae.png,FZK8GJ5Z
2a9eb55c55cee74db89197ea115ba9d39d149db9.png,STNISF5M
2aa17009b4f256157947ad0b5f9e7c7384e30678.png,YJMJGSYY
2b1959755cc1b6c0785585d007d14365ec4c1c89.png,WZ2HGTEP
2b50f0fb88efd99cd82f10f3ae466adfe277c340.mp3,YBR4FW5D
2b9b3d1afc0f004fa00ad79b6e4dcd851c3e1b14.mp3,7SDU1GO2
2bc1ffe13776eb22784ef04ee1e2880cd0643a0f.mp3,LMF743EM
2bcb5ed261a4252b55f77dbfe73e2d273bbdf462.mp3,JNWGVQ4V
2bf1e68e2ad331bed4edcac1addafb93df6d3854.mp3,FPQUV2NN
2c07ba0c2942d5612c3d90f69ac68f09c06eb939.mp3,305SMKQM
2c4acd4ed4a8cf232b0b07de05356d6c9edd7cf4.mp3,0EKANWO6
2ccce744f6a6eaa4248cb661a9b26afffb14dc7a.mp3,DT22MHB2
2d7403fa346f329422b00a5e2b62c56ba4458155.png,WEAEOVBT
2d7610a14d57d1c61961efa0859338713f3439ec.png,IRPBI8LZ
2dabf628a9abcc8d788e086943eb5df61f7c9551.png,EXGMWJ8X
2db0f12faefbc569a02f743a85d35b38e05e70a5.mp3,UGGYB3EO
2db6feabc284e49936dbfe7f2c6eddd6b61631ef.png,ODZ4NKW6
2dc9c18fb99df0fb335102477231b7989e0e4514.mp3,KJ8YQ9ZG
2dde625641a5d1b3f4bdb562c69a256ddfc132e9.mp3,IQ2SUY3A
2e728959e2d8b437ac3b13961b234a57bbf908fb.png,B4OY5HRG
2ea8ba382fe12f00d86fb93179e85089b72d0df7.png,ZH7LDK2T
2ee747274e44b80e84e3e8239d5aa49f61537150.mp3,7CT2YF2X
2f188d54ee44ffb459c08cfa0d5f80417e6f42c6.png,DI44KNA1
2f31e829f3a385ef2cbad9cb57a17c36b0bea786.mp3,D2Y9BZ4F
2f3e6851c12ff699a0d38b2fd323c7fe7706c8d3.png,3AT07OL0
2f5e41913a4d2d896a8b0eb94efe28f541c9e0d8.mp3,B21JK8SK
3003b0a8768c62d527ffbd8fd28553d06898b64e.mp3,SEXJFH0M
302ca6488d42babde8e5ba178434cf164991d34a.mp3,7YYRJ0B0
3032ed1d80dec7172b22ccf6dabe88e0b073d323.mp3,98KZMKKN
305964a273dd72b238f3e6534bc3d12e8b91edec.mp3,EE99KS79
3088daa2f4c5bba2bd3217dab08c257ee439c985.mp3,GZSP0WB9
30e3f79f45455594ca3fffb8c5e0e9d746390781.mp3,OU6W3KFJ
311dce53da8af24ce66eef1fb786ee95f2b12379.mp3,6C7J8CIA
31228b66ff124198ed35c81560d2f65d0f598d9c.png,0T2J8S2I
313737001ed7122e548aa8b327e0bfe0f6b852cc.png,5G4HDWCE
317a86ff30934c57cf8c8b0c6164a1e6f87542cc.png,IV1LFDEQ
3180a47758c3ce73b13886919a5c4d673149bd10.png,TWJZ7SPO
3193f1466e679c162cef0a7aeb1534c157bd21ec.mp3,WFKZ7TU5
3197ba996eda71c1de3f1315a0a1bcf20fce05ee.mp3,ZVSMU7WC
31a45af050c687929b18891e08cae5a93caae8db.png,LA73ACJ5
31c9f3e1c8f93d5a1c169abfe31ef95b9ab9f83e.png,15A0NRRQ
31da13a1c824e4e1b14c00dc8dce62dcdcca9512.mp3,N0AFWHQS
3222eed0e6477f42913e69a1f7618cd17e6419ec.png,D2JEK2AU
32608720b4108317cd030cdd0c60c3b066536ccb.mp3,8GXNTH17
3272d85026e2cec455d102f077427eba54d84593.mp3,SMOX77UM
32f1ee919f8eb74e886f3f22b3fe7d9c07f6ffcc.mp3,OXXUP1YQ
331df2833beb14eff9085c9aef38ba6f8dd551ca.mp3,RSQIHLMI
332d625a002051120a64a32766b3421db6cfe9a0.png,8X9JT4DV
3348ecea1946920aec0f1d08476f5981a8bb36ba.mp3,O6R5XWLT
335e2d578d1ca408466e8b800350748fd0ee4ee6.png,CIBD2Z1X
33723549b4648ec43d3d4967898143adbe0dd446.mp3,8AJ589BB
338fca3062a120df632b2738ab9ccefe5ede63de.mp3,FS0O6W7D
33c5533aa421337bb5243a45fe407a3ce9da90a9.mp3,0GAG6LQD
33e9c30e4a084b5e855c0bf9adc94b79e9345166.mp3,JD69HL6K
3425b345f6fed4f94f392abe2364b083d4ba468e.png,1T1KVZ0L
34644d406b69d8ab2c0f2d9a107cb9b5c6b463ff.png,FVOGKN8K
349ad067457bbe303d94ed9b87deafaf265e774e.mp3,BOOV5OT6
34bf31ae51f52b3d6fd84077c3731dc4bbcd6aab.png,X5WBXKZM
34d3af41e49f6ecec93ac540e328c2af18b3625d.mp3,K15U12JT
34f9bc566099efa7dd8acc4feb8cc7e289ea25c0.mp3,H3O1HEHT
3576a60d1e073118bd109a5bb85dd922aa46184f.png,99PCEAM4
359a801a37f16106b67c14e7cd48ce9d33b7d2be.mp3,17IEAQM1
35bed1a124ea8baedb9cb636306f68ce80ae563c.png,54O6KH7N
35c92c48089bb00a73ce5bda459a581645fda8cf.mp3,98X4MM81
35e491a3a022716bde040a2c55bcc5042c9c1543.mp3,5998QX7S
3619e7c1fcf07ba0dbeecf95bd6787882457e54c.png,UWZMNX1L
3669a02059d37ae4466f99b3cb0b0db2037416f1.mp3,J6N18K8T
368f86eba22e35b03dfbdad3b90c9e6ae3c9332f.png,ZH1HMPHL
36eff871d4d089427b8031a61ec680437e790ece.mp3,3BCD3P9I
371fa3ccc01f3a98c42571b17f4f2cd4553485a2.mp3,7MDV3UEA
3730ad03a1d2c50221ac2be475167c4e3f7e36be.mp3,AB1F2SLY
37c69dad33873b23ddbdb117ccce92d515d81a62.mp3,40RVDI3L
37da2e0603c59dae13af3eef14530c02a4ea201c.mp3,NVH5XALW
37dcaac0b20cf059091f2960725d0408da70d9a5.mp3,M8YABGPR
37e1b6edad109af03b2d03d9a4ecdb9b494bba47.png,NV8YFXQI
3800c1f0db2a9606ddcc5271fd2993c07728a60b.png,4ERBSA0E
383547b630a084f07c7941c84d4b7ac11d79cfcb.png,DDQ0IO5K
387c25c5f5559095222ab92b90588f23e2a6f382.mp3,GECCHHWW
388ca2f0cca2b0e1d6654cce62e7b13d9346ce70.png,C2A1FIRU
38a9e280ccc65cbd66bafd994d6cf5fe0f8bef5a.png,B9UV1UE6
38eb78837f76d1c82493b3863482a98cc88964b8.png,BWPXS5PM
38f605fed59486f73a8dc5d11d22ad3557cdbd2b.png,25H9R2LV
39164297850c1f28164d2f1030685a0225a35f53.png,J5JQ7SK3
3919ab62f2f30d057be2a850666f4b4eff014bf2.mp3,YPKW9WPI
393c3c673ee89bb57c3e69a2ca214a62b596fa08.png,9MLK8TOD
39448748c390248dd48f436810b0314533270599.mp3,QRZSCYP0
3975594c6f7838616275ef8ddd22b6489ef7aac2.mp3,0C80PQKN
397e59c5a4cd71f056851322832ed5c6ffccfa2f.png,1F367LPC
397e61a84bc586287d96711e530b06585ff946df.mp3,GLJ4NL0A
39883dd124df9ce494e7c7b17528615888ffed1f.png,WKW03YHT
3993d1ec0ee9ac8ad906236e57895a2ad9bbb6c1.png,YPL6G7XN
39af14a9aea9b6a7e65c479ea77e81382aa99e50.png,N2AMHQGB
39ddf0d4fef068cc3e164f92190e5c16f74a9806.mp3,BT6VY7RM
3a2d95801ab149b65998e728d9757962196f7425.png,AW0XQW3Q
3a480ef6e07251d1a3b27ab22e71e522e12e8725.png,VJFHH0F2
3a4a5e6326ed429ef1e331d9fa907af8a52e09ee.mp3,9C8M64S8
3a60af4cdd31a37f57ea60e0983ffd89125e97ef.png,QSVPVNO0
3a7ea8036f357c67dd9e7a81c01869cd75a85523.mp3,JVNXF9TL
3a9b1a9b634640d641c3c9b488b4445c09ca7c76.mp3,BOXBNV3T
3af1aedcc752e6dccdf067f74896c9d68bb2999b.mp3,N03BJKOD
3b175174ac434d3734e143392527c12dac0ec616.png,2ENJG2M0
3b26494a8eb12ff5403bc1fe1097723bb5f40bbd.mp3,DHQW418U
3b4cf1e9157cc94808f074220b0c65aecfd96c4a.png,RU1H2P4A
3ba9fa0901760bf842c037a50b028738561ae66a.png,1BISQLH1
3bc3eb6fbb64753f88a5f6457ff2315b2ff797c7.png,HNFFS1ON
3c65e4b108d30f5e159649eed7ba68c312205347.png,3P9UVTPB
3caba5359ca3e1c168b05a64c225fbd5ea897164.png,N1JF4F5H
3cbb470a7f191aea4c82eba9af71d49e045e5dc0.png,P5G8D9QB
3ccc8589a935ef1e4b039727e40beaf692d26eda.mp3,KK2IXQN4
3cdba0c7c9d018239f715d5839d6724e45809b7a.mp3,JVOX8QZ5
3d2ddf4d64d2587666b89c32deddeec6f6b0112e.png,SWYNGM67
3d31efe0762fb06d2013546d025287776b003f6a.png,LI47E7B5
3d38db78f2ffc2c5d304a8ef02f69dbdcda86d53.mp3,EI7VG9W7
3d4906482bd44b6f96e75cba38c8d677cad32a9d.png,QSDENZWB
3d55532a25b3935db3cc13da433d53eaf05f7a9f.mp3,9EKHO7KD
3d5eff2e8f11bfd3988d703ec68af09752d5a6e1.mp3,1PIIMMCC
3da642ecf99d0f31d6db6a8eea2bec19423645a3.mp3,H52O15QJ
3dbfd66aa7fd71adbbf8153b698ef5063b8a1892.mp3,UY1IMVQR
3dbfd66aa7fd71adbbf8153b698ef5063b8a1892.png,K9OHOHWG
3dd4a8949fc8fcbac137855bce3e523cb4aa046a.mp3,W53LVN66
3e11511492a9b40188d44b200581af19448d3807.png,UAJ5DH9U
3e3a8c88dba9bd69d93ec2a8f2d0e0049958c5e1.mp3,CCUBKUPC
3e3fd6ea26a2273b1b31d52ea394eb38ad81bd62.mp3,OPG03VSZ
3e711691cad9aa964045bef7fff08ae171dadb04.mp3,RDJZGGE7
3e775c1c2885b018ffc8c44b6ca1c066be17428d.mp3,RL6OEIKO
3e99f26e7e03e49e7d9c40f31fddf4e43b411e13.png,F56T2NNA
3e9a2a3923d19beeba2239cf55bc139ebdcb56ea.mp3,B5GHVU1U
3ef87cad57aae971fbf23b704278031f453655a0.png,Y2JBESSM
3f1ef5bcffd9ad627292950d4f2ffca4d7303746.mp3,GIHL9LFX
3f31d78ed0d529adaaafcd9d3bdd7bfb627cb707.mp3,CDJZ0TAK
3f56f4dac1af3ffb098432baf06f3f9f577e5062.mp3,C2B01HUO
3f70ee0a75a396a42d6985db82659ce30c9ca257.mp3,MXXFMPOZ
3f72dfc01c340abd9437b8b58d734e6b6b140495.mp3,6D2MG0K6
3f86688c2cac51c0712b997ccf53e413ead9aac6.mp3,7V8S4CHZ
3fb78822dcbb324211915b8fbf41eedd9e1d4073.mp3,UHTRV7RA
3fc3e826e56c4489d8270974257e94bf3eb8ef98.mp3,AFYHJCYB
403ec5011ada4a593da3684c2fbfb3550b70f618.mp3,BAWJMBT8
40bc12622f8c8925cc34a1cb25bf37a4ccfac4fd.mp3,DD5RRHLW
40bcd4dca1f64dcb6553c8c329106a628b0a2753.png,XAOA5CZV
40c01fc796d7764d6bbcd3c4ea5ab3da08eb0a9e.png,MBV2BLDG
415cbb4e696b5e0e4643f0821a62bcfd4d370083.mp3,VLQ35S37
4176bdd1936a075626f530fe021c59ccd69c5b7f.mp3,1DNEQA9D
41819112bca268eae86534af1f5f533444612ba8.mp3,9GQ1YX2H
41b9fd5705db2dde13153f39bca871f35220e11d.png,A6ANTVVA
42b8669b19e6f35f7b1fbea0db30d0a9cf8971fc.mp3,Q6Q9UZO0
434b8847b41152eac7e5e59f40059d08d55b6bd2.mp3,LMKNF7AB
434d82dcb6b6bf141902f62d26114cf168d4ad3f.png,3IZSQBPC
4393eb431e0e586036dc23d28a936a3fc727e2ed.mp3,GYU37LHQ
43c5b81a8e386f6b5136ee81eda916979af6514c.png,VLVBPKJE
43d35f44635e875401a2bd8675f5ba1fd58c4fc1.mp3,0NX00L5W
4401faf74ee5b6094fdbc1643aa418ed37ab5458.mp3,T3QBNKVX
4418e0e7bf298734f28a5f1600416ef9e4b461f3.png,J8K1WPIN
443a83ed8f173eff47d9ac2d13397fb40d3e1600.mp3,XKTZB0BF
44848e8675b02280e86a1fbe23487ccc03b86906.mp3,MYLBBXT0
448c39520b9016261ab99c3c9f57602f9d623a75.mp3,6ZCZ3WKY
44deab4a96450c2669c6e78cbf175b5ff2e7a94c.png,M48LZJFE
4534586e2c9c48d92ede6659911b43b2e1b3a026.mp3,ANQMJFQU
455ef7a7af77127c565ce4b692be27ed9a7606fd.png,UGLBC0SX
45974e11dcb14e18f054d821cd98eba6f9d451f5.mp3,7785XJ3F
45ba9b498edb41279cc7afe09c55347b93443e5d.png,5M60NLTN
45f417671f4aeb453cd8246e7f249228bf4b38bf.png,DS7FV4NN
46056024ba54a526c707832b17d38e715a7fe69e.png,O3C83926
4618d174befe87e571a68ecc28bcecdceb359f45.mp3,F5II01SJ
465763f5d29a6aa77ee99893236f2e7cdf4f0c0b.png,YUV13Z7N
46721e214abb42b2512a1a5d962bd226ccf96d83.mp3,R7V69R8L
468a648225f70ea6f270d3ef07d558effaa4fb6d.mp3,DIV2VBQU
46e856864c496f4fbea15fc1395b5f614cf8a8a1.mp3,M5EGMQK1
474a8b2b7f1ec7010363ebda5dc78faaec785512.png,OHHA9TCJ
477adc5add4f812b5fea8ec0796bcd45717103d4.mp3,F1Y1MY3Z
478edd3879e65a6f895b0f6689d7b082d856b59f.mp3,FQXCGDGV
47c66b91d4e79372dda0bc6a77e779a8deed3468.mp3,X6Z8FW3T
486bfe10478873714fe356db078647537d4c5cd2.png,HKIFT1AM
48a770c139f4795391d0cae87d9cc214e9e94e32.png,I4XTD2G8
4901b284e8c598391eecad60962fc002d270f0fc.mp3,IGYKZMW3
4903d9e61f42a6e82628fc487eb9d16dc6992183.png,4AMZHLE5
491bcb6efb10f63f9e8c7038d1b71c65a8b09ed8.png,P1ZSZ1GE
497b864505341e417b3a343b8648420dc3760f87.png,SY63SJVL
4989c07a06def01c08e7655f41a9202cd375cb6e.png,U8CYLLCM
4994ede5c18d32aac0c7248196506acdb022a075.png,BXT85TK9
49953912e1f70bd252e26cebc060ad57de0b3d15.png,618V1OMA
499ee95e1a43ccca2469854ee702a8b76e54781a.mp3,FYSNYIED
49f05be97c5881ebb37b8d79707e8cfa7d77cd4c.png,9DK7T789
49f25627f994a6e2c6953720db573c9d6f08d38b.png,AC7C0GMD
4a071a3d86d1be27a99dbdbbc5f32ef9de0ab675.png,24G6DBB5
4a1ea2de98776c064479cdd6e42595909621539b.png,QECLRXLC
4a20276c8274394518579fc078ba4d283bf3f40e.mp3,CYGJ0A3M
4a3be075408e48c11d6ab314accab3d3292c49e0.mp3,JCZNSQYT
4a54161e894ea01b0c8f25354f90f458be0a7d89.mp3,ISNJHMDC
4a5e6907552ec16c4352b560732537bb38879a7c.mp3,B5PWA2US
4a80b0130b5799384727d9aa792219b456bae080.png,FN10004N
4a9c0ee24aa90aeee0158117f00dad3529313b8d.mp3,YYHDPK5M
4ab71337f395f12abbf07a850989e889bd13247d.mp3,L1S4U3HN
4b4796120552fcd1888f47dab5ed2ea35034c778.mp3,JE1E4YFA
4b75d556153e6a04788448df5a7d2f91494518dd.png,0AFGD380
4ba62db7f55dd6fc9c50766725675d7814c2f995.png,SLVL6KF0
4bcf656658e6a37556c3b8a01cf6b372a9f2eda4.mp3,DEGPT2N3
4c0672ed3870663d04a9261b17a0b6ef5791c641.png,X1LQF4B5
4c2820ff0d0871c16a81575b768a5c126e780b23.png,DT7GD4E6
4c6b46d882411a164ef091a2a717a0ee64f4db7a.png,KUAAT6XJ
4cdd182d9600483ff2e1996c95e2d7bb928f2c38.png,0GK1O9LY
4d0f02f41bf47d58c31f856ed209f6204fbbde16.mp3,91XJJXD9
4d34bfe5cab774cd977d154dc3db85e28181a0e2.mp3,A38RMG9P
4dae32d7bdbb6d2b6394f2d3eb9d420b021d69f0.mp3,9DH0MFWM
4ddac3324f06fcdf3ec6d23749122faff7de9b0f.mp3,JZFA5YSE
4e1234013ed19b0ccb05455863f3c39335948ec1.mp3,4U0K5IQ3
4e1ae9d48301edafb1806bd17d2fd729e5d4994f.png,V0FSR9ZO
4e28e7079d0e72f41146feaef66f41fbaf12912b.png,X8HKI4L9
4e36c688226b9eaea77657099ac435a52c6f0319.mp3,W6CE2CYD
4e42c1af0133383911cd82eeaa813ae4973cea08.png,G18WRIDT
4e542a34ee7c407691d53bb19eb3ace60329e9ff.mp3,INCS9RQ4
4e586922ff9736fd415b2d7f2c9e33ba4ded0db7.mp3,US4LHPA1
4e874f4eafa63fe657329129f71104a2ba690f34.png,J9O5E92R
4ebe865faf8c4970f25914d50ea93781cf104b7f.png,XK6POE0X
4ec414afb97a8a0a5f93692b159a3eb1c8557376.mp3,8GLGWA06
4ecff7fedf6723452918f88d3665adf4ba5d9642.png,ORC0N140
4ed59481a06341c4b2a0f9a3e72d4815140c51ad.png,QS2B2HG6
4f160bf64f82e1f1e01ec9f0731671377f87b71b.mp3,Y2Q6YEIQ
4f175a9bfdff7ab5f6c67746287207c34e84acb2.mp3,516J3U0P
4f1c11f914182dbeac509669301d8a9babfe4e9f.mp3,K7BBLO0P
4f20de510e05537f37c9906e41eb789784770156.mp3,9IMDFH0L
4f49325e895b144ac8e8beccbdcf2f3cf984748e.mp3,UOF7NGA4
4f5678a8a45960158c787401c09ba71349352a5f.png,WBVCLHXO
4f68c3e25c72c9215e78611817115f8605ef041d.mp3,VUV79GK0
4f91b212342c3dfabdb4811c67b3193a1ada6fd6.png,P51FI5AA
4ff5ff0f0502124afda143cab253575b419650b2.mp3,23A39NRK
501c5f466311135d2cf660cf889c867b5b2f44e5.png,XVJ4LAU2
5028d5f82111b24527a53f309bdd5f874a6211f9.png,SP7HB4OU
5032c4a8776412577da64f15329d3120b6518dad.mp3,G0WW1XIC
506bd5ec8055bda5bb158ed9a64d557b2fc03988.mp3,YV7VWVFH
5071735835e920ecbbbd740dc600e44c08e26913.mp3,JEPTRQQB
507c1e9c3e129357d346cb8fdcbb8e217889febd.png,EHLB5N7A
50fcb870db9e7e03710d807eaae907319727411b.png,CPLH54IG
515642afa69b2f55f5045a77cb85bb31e641aba5.png,KIL88P8L
51a0e9dcc599a0d8e9d89564b84e2102a150cff8.png,8CUL6YLR
51c088c9d5a3131481b431357258ca56d507f997.png,H1FN5KU3
51c3ee2cc0e656d2d737933a5770c36475d72804.mp3,R0QX8IPE
52035d2b964974e462845ac3d116d753909e181e.mp3,36S2KMUR
520e4dd13a9b37355d19c72491d38f07232487a2.mp3,PCS4LJTH
521d90c20b7df443c03c59633ead8651f46f2a92.mp3,AZ7DWI78
524654dcf9d7a1d55659025a94d9c39dddb8a98b.mp3,INP5US8U
525159fa662b2c399da05ad9f3f3394d09643586.png,XK4OG5W8
525a26d15fc02579c5c99b66b5f181a61db3efc0.mp3,MBTNL9I0
527da61218d57a3d744338e32186f97afb506449.mp3,RJ86RV0T
528cf1d1e9caba4712eebcf3ba94ac0dea1b4f3e.mp3,KRTC0SOA
530142ae39ee030e267795fbc1e51d9f2630bbfb.png,64MA803J
5308c6ded4b4d7b562793735a52ab67d46810954.mp3,ZICBUH1H
530afdf2f6993cb1afda32a5529a69d279f16517.mp3,W16AH0QR
5312fe48ab81d56e64394e36dcc1e9b677f3bb60.mp3,D5H3AFSA
53155bb74ba963e428e67c991912ca1def242497.png,4QC144HD
531d37031de33538e1dc14555d5f6a58c70f8001.png,31HNIBK3
531f09dbad03b7f5325538f2c460326727739c4e.png,46FCRC2L
534fa3dc0ac1bb9d4c9eea355637ad991eb58820.png,EDR1L02P
5352b21b97a2e8cbdd20cb5e6780c3055d73ed3a.png,QQ4AAD9W
5385633ba8f0933bc506f2fab436df66d2487cbc.mp3,V14EK2TW
538cbc0826f4a0082fa95696c6630cfb9cdbd9d5.mp3,4KXKQY5Q
53c0d0526b3854e63291da7ed7c691d788c6a843.mp3,OSWUJJTV
53ca000f23c8e7b80465a083da4285fc410acacc.mp3,7RJ8QFJP
53cc1570e412eb52090f19c4a4ead6f574e44323.mp3,IL07FD7A
53d4f04ddb1a2329eff249aba850e850af571c77.png,6NLPDZSR
53f10ff84b1a08619dbafd53e37df28bb12819d0.png,WYZX1ZDV
53fca410406fb43848c6b19e73599baeae61b55a.mp3,YA6DMQUA
546a4c1a26449413c92f084cfe7a0954ba0f3956.png,SU5D4ICZ
547e2fb9103f93e95218b205b60cf751824a8e9b.mp3,TRHZ76S9
5492432be574020bcbf6dc2b6cf08631e685e79b.png,PIOCCQ15
549e5d768c21794dada8814116217d460c0b659d.png,2AY526XH
54a6fb4aa744bce26a44696341f6bf1e94e2ba7d.png,C17VH1SY
54e9f8ee5d3e3785026ade2be2b134385388cb61.png,CBQZ562P
551e292ffb0142ff40018f6acc62d889389dfc9f.mp3,RP3TMMYN
554fa6dfe573a0eafb4d8d64f149b231e70321bd.png,G85LSKHR
5575d9e04977f8e8160125df06d7a002d43eae0d.png,RW8VVOG7
5588f0eddd99d084250e4607cd34b03d26677153.mp3,DUYEL8CJ
559821bf03a268de3f85817fa0fc0141167dd24d.mp3,YDW8Y0ZJ
55a879d0444b0d920d27106ec6551d45ba6f3fc5.png,G0MPO2BI
55dcfc992c10aea3d81b8e5b2cc424cfd5b43273.png,T2UTHQ9F
56300743baf37d2ad43a50be3ec55992e35dc9f4.png,LINRDUFU
56627c825abf4b4fa5c77b3b94ab7a3751981372.png,8FSQ22KA
566c8913403829fcabeb2ac065a246d801a98f8f.mp3,UPRA632M
5688f91132719b18ec87dc39ec6b678dae52fc09.png,SV7MN5KM
56adb9e8ce45a7d7a65c534898cc732427b26ed3.mp3,8V0TREG9
5789c5a5704f62001c1830399d193ec22557bfa4.png,QO31L573
57c4fd93d6b83b9af00047d71f0597b1492ca142.mp3,R3WVT5AS
57e2a74a055c326184f46cb46da1a991afeb79ff.mp3,137GZC8I
57ea972d3c0bb6cbfe67ed8ed79c22f048cf9c8c.png,WECEC6ZS
57eb6c59971ff80b5fb9f363540291966e3709b3.mp3,RUYXMRSW
580cfcb3083f5ed14f527729ac3e2a6e92bac537.mp3,AI5QN1ZP
58a86fcaed7722d8a87ec835ada9fff054a2a8fb.png,EIURI8KB
591ac1d5faccc52ad3470395f5e5660b920c3b67.mp3,5R6YN1MP
592a060240f7b84e30d651955294999ddaf0d3b5.mp3,AUZ34GHU
592c965ac0af03de2dcc249b66a6579b7d953424.mp3,9472N0KI
593333402e20f37b12445db9ae14dd8a5a1eda9c.mp3,RAKB1C69
5946318bca02ac008917cd5e10aa661d870c6d2f.mp3,NVWRLM53
5949be02652316abc79e2e3504c395b29b0f8441.png,ZCJK2NZ3
59d176ee3f0ac873cbba8c4c5ee1f6940680a727.png,MG92MA60
59e90afca2cf8042963cb975715a77c9df052ac6.png,D5NR5EHF
59ed0f481dfbbd5f1174ef71b2e6712bd8fde194.mp3,L87B7IUB
5a0bd609a9183ab2ea1fb0322ee679b54d40110a.mp3,25ZD1Z0D
5a5de7ca34a86c50ebfd5877bbb2c575e8dd2952.mp3,WXJ1UI2O
5ad293e96b759f5bb8779b7adf0ff5020dfb6980.mp3,NPL62X9Y
5af9cfc4f994750731cb6d47dd4e3cdd16ccc785.mp3,U3YHKJZ3
5b1dab2aebcf58a4bde7deee76e6dbb07b24495e.png,RZHFTEGB
5b31ad5872193bf0a32086ea90bd369d651e9894.png,C1OQOX3R
5b36c1503729d748f8c4989e57317211817f87e6.mp3,NW29JOYQ
5b5722432e005151c99175bbaaee31401c9fa717.mp3,YSDV0YD8
5b7b4970f4a2c6f8f2a90304c112a74cd65bf9c9.png,GS7NMKF9
5b7fe1a87be6914a5d1e06c83df96ff54202bfbe.mp3,KL6HOGXW
5b97f2d964fe321955a04e2fd5b5462651c26e12.png,KXPWZG7G
5bb9b94ab668cf0e9c269620a0b5f043704d910f.png,Z7YHB95X
5bbe1359d03fa1a2254b93425bec7596de87b2be.mp3,76WF3E2M
5be71b1ff4ad330e219268c94a3fa57488d1ec15.png,U6OL791X
5bf8a1f4b28b2c23005e9ecee7e69dcfd0bbc736.mp3,GG1ZR1EO
5bff4d8e3b7f0a18d365219cf451b84cd4c49116.mp3,2GTMREEE
5c1256ddc03ace66f80921e81ecf45f92b6ff09c.mp3,JA6IEOEL
5c7885ab0adee0b96cf129df27fcb01fee8d6211.mp3,0MVKVX4I
5c7cab3841ba36ec222fb1fe7e7dfa9becea10ce.png,B2HB6VQ3
5c7e015210f2ae8049a34f787dac78089fa3e33d.mp3,6K1ARCOL
5cb187cbc709590b965a78ba201fc9f8e8e86150.mp3,D8OJD559
5cb96b4c9920f9f7a3cd568f236721a010b7bff4.mp3,90QXSM32
5cbb01418e733470632e2a8db7fedb2bbe016583.png,LFUOY9Y3
5cccaf58fd970a35407fe5519d668f73d539b964.png,LRFR9AES
5ce1d1ee76393df1d11f984ae19dc10c8f397901.mp3,OHXFK7IN
5d04f786b54541d2f4675fa41f11b9ebfc2bb119.png,5OR8I74J
5d3ecb3edb2ea3a9261f819d2ab4fa0e0d045b3c.png,TNPU4G0L
5d563495904fc9c81afa245510b3649a3baadcce.mp3,X2EYMM4L
5d683e590fdfcc3ecce849d409f23142a0d7f844.mp3,1VSD2Z5R
5dcdccbd89da6bad8a92c13a28383db594620509.mp3,CYLV1Y4W
5ddc408c2af61fb35fd170de4fe569d22b095a49.mp3,H1G84ZM9
5df26f0e73b94ed8b2c9d43fda4c5fb343d9070a.png,52DNJCPD
5e2d8e4432dcf383b1bd970eede9c15134f92ae8.png,ROD1DLT5
5e61643ba82e89047bfd45dc944bc8ecedcddfe3.png,XK2JYJT2
5eda06177a518fbb1a1e3bf850f65845074d3cf8.png,E0R1DGS5
5ee6ee5183d1e85ca357347e211bbb4e0108ec46.mp3,RH93PC0O
5ef140d3a2222082b621bded1e5e4dd41bd43780.png,0HQB5ZA1
5f12fcaf2d3c05fa5cf27cba8fbec59c3b46a2fa.png,R439U5VM
5f15a48eb672bade5da89f6d2d18c22f4a8698f5.mp3,8J787H4K
5f647477c1320e2ce51e3a8fa300c3e67e949687.mp3,RLP4O105
5fb8e31b22ecd757e1a6c23c856ab602b016c2ab.png,IR8C2EDH
5fdbb4e2ea4b932708320560aef6bdb2e01edaac.png,S6UYJVJM
5fddd5eddc3d25df1ef58a18b5662d24efffb926.png,1L0LFU3L
5fe0a2f2da777dc064451344947d2b4495a5c467.mp3,2708UCQP
602bc2ebe040a0357809cde4b644fc8ffee5b07b.png,5N2VA6EN
6066f1500a9d4f7407108b403bb2a1518c0071e0.mp3,WCFMHBYT
60c9dbfb3e43952f7fa28b3486820dc2ee1ad370.mp3,SEEYQG7K
610f219e65950941ce0d3d0355105e1c895f058f.mp3,SOPOHO7H
61159871aa5669fcbf5def577046d14158ba48af.png,ZA7UTP1A
612766574426414da6c9f06547f4cdb4fb2e51ee.png,S0NA6SGL
614953e54e18da27e9beebcfc8412ddc7628e27b.mp3,Z611K990
614f1fa62f37d6e8dc514f354cace421d4b1f2ef.mp3,ZEFWPGY3
6160102a4271c58914506ef0aae4cd15ff34ce59.png,ADZZ12CI
616698f9e98d8cab0946a9238d7bd3ab5023ee77.mp3,7QQTON95
616f2e353068a4072d7be72e467ef903b8f5e4d3.png,8PK5XLYX
61a480d55fecbb2701bb120de82301f3ca6055df.png,DTY09AVM
61acdc2b2ac23c4c5487bf856ef03120ec87b2a6.png,GYVN9D42
61bd9e6efee4992ea063363b22273dc05abbd868.mp3,2GG2ZYMA
62117a1bfacbac7feb5964b21878cdb7125887d0.mp3,SOWPWNZL
62211316ec99a6472cc98f0c0712b7f60a23e8ce.mp3,F3YC0KQX
624ae1997e301c6e0e216a0fe5dffddcf8cb2424.png,8KMG9TPB
626878d9e1dfcb4528e5bdc44abc0c43c7769316.mp3,ILU40914
6283b432d1d39beb1b423838d021ee7fa337a2bd.mp3,2OT8ILRY
630aa9e0fc72ad6305b9fe1373b3bb6932bf5039.mp3,GNT0FBKT
630e09e096905402d8ccc4f2e82a27f63374c920.mp3,5N77P9Z2
63308147e91000b48b840a70ced3f370a8e3df6b.png,00G3OSSB
6359b15e927f531e064b38f03c005bef17cce183.png,6EYHMNUU
63618fb143a26ea8fff4fe7cb49a86f231707bb7.mp3,2A4YZSFE
6374d2e4fde054a7f64934b0f342e5bb8e345bcd.mp3,FG2W3FJL
63aa537f2055c407d4e53af1fb3d8ef64230cea3.png,FPXQXMF3
63c11bfa4ae5a7ea24668c5abbdd79894fa8b93a.mp3,6MT0VQST
63ee88342f12b18050f19bcdba081802f0ce9904.png,5RR8EWB5
641705ea641c2975703411eaaf34f9bd547071dc.png,JLU36Y9V
6417f1daeb3dab70fae95d1e1da030658448b182.png,X2JI1MJU
644083a5ef98c607562f68eef371a554dced985b.png,5VX7YAT0
64468a3b93d5683a8e0103aa550e4d40979993c8.mp3,U0B5U65D
64664069eb87eb3deb9cd5a85f8db5b692f35a6d.mp3,1RKWOZCC
648cd579af42580bcda1387331600037a6200730.png,E34BHHVH
6556ed4dcc5edebc8e22fc47af18364055fc09ab.mp3,15SOZNRB
65758a72fa8a362bb7732c30f36231cd8838b1d3.png,HQC370SY
65bf4c93594818c8eb62a450662980a2888a7a0c.mp3,LQDGJHOS
66691546e038f43c1f597aeecfff5d609596c9c0.mp3,N0GL083L
666e4d813fe02a73e05c827dbfec66383e7ed9f8.mp3,DANUNO6H
66a4b04fd994263d95b9ad81762c10921c638577.mp3,CYPGHI1X
66fb5b38971133b3410fe61d11a5f6ac46fb66ac.mp3,YXJYHVN2
675d81eb3bf70e87fb9b79f0437f032248591cf8.png,YKXXFTR1
67fc320f63ad15ec821fae46a7e3acf2650c45bd.png,QW3RT5T5
67fd34c41cf4ec8b320a6910444872713d413fcf.png,NLGWEI9S
68168a200d65d0f54dd8ceea4a4c6a6563bef61c.png,OUHSLN3Q
685e25547850d011724da0ee4d5bbacdcf42f43c.mp3,5N90EB23
686b58317706b6459bd42f743b9a3628e482c595.mp3,5BJRZPHK
68fceb35bc2296ca77d24a92b809f0ecfdedb637.png,16OX3K9S
690363b1d478e280636111ea1041db60e9433b46.mp3,82C4O1VA
69056ec7f5b5903b36587bdbab0b7c4d436a0347.mp3,6ZTNO3HD
69368f1f0c6f2d6f40194e5ba977107d8a9579a7.png,AQVCBEHJ
6953ad5b83fd93397e19a4cf2a925ad540399b6a.png,DJ2XR183
6954b98e4a2755f4362b361cbee2afc43a38901a.mp3,V27QO9MO
6970209b143984d931f235de34fe0c112de556ab.png,ME8R61DO
698633d3ed35923eb00c3ce120a24c381b51ed7d.png,2CR1EOHW
69a0163f005704694d9f724a4a0b1218408f19bc.mp3,ES413DRW
69e3617aa4003ca9447bade1c7c21e09fc299086.mp3,I751LK74
69e41d7c0b4cf3d1251265018c7cda7ff004a831.mp3,UPHOM3EA
69ec45727b1451663c975eb812bd13e211728a8e.png,40UC18C5
6a0ff1239d247788968908148795c00759fb75be.png,IWMT62YX
6a3ad05180f966659075b98b7867822842a5ec8b.png,0IBUUVNK
6a3d8e8ea6ba2c0650723bebe99f4b03e3ab33d7.mp3,T32UFGKA
6a5171fb44b65a50547648a97fb4975399db9509.png,3FK8H8W8
6a5290d534846ab364cbff594a1a65429dd92bc4.mp3,VZYNOF53
6a5613f0ae605bcd1498b0abf8301017dbfdbfa1.png,A8SJJRJH
6a70f9e05bcee6d3b5b8ffc6075fce1d20d4b454.png,U3OLATA6
6a74bf312130cb1dabe11c6692cd483f7522d6ae.png,REF24ZD1
6a7b6237830a29e4bd4d317c904f46099190a270.png,Y7C8KHY4
6ade955344c330142c41d3d8d592391008b3cbd6.png,ZB82QJ4G
6bc11d94f83d4dbc05a200dde103b6795ade1665.mp3,MVEUVV49
6c00a335ce458bb905fc010c7bc6b8b02c1cad42.png,PSC74AGM
6c0dc412905d99b9ee5b2354445537726a391cae.png,2CEPQ3DN
6c61b7630271ecc64a20cdcb745b35a4491f6d4d.png,NCFN995A
6c70e652e4304e648d34698bddfa7207ac581d8a.mp3,DQ26PW3F
6cd6136aadd34b2e14b610896c3724e91a70b031.mp3,LG0JNVFL
6cf15d60573f3062d36ac5205f97a824620c955c.mp3,4NOB4PW7
6cf37f776e8a51e2e72d7e429257b64ab113dbe1.png,CZFFQT8I
6d20f8529ce3bbd224974c8a65b79c68e7bc7616.png,G5PAWTSP
6d58d875a16cfc0a1c27f78adcb98c5ad68112c2.mp3,F4SWZ14V
6d5b20a53a3195a4a27d42d2db25508fe356c043.mp3,WVOL2UGG
6d9379ccd434b3159f70d0262d222cd248d9413d.mp3,PZHA4W5W
6e3eaeb725e0b0755b2e3860ee8fafc5089b7f34.mp3,ZKD844B5
6e6986003cd188be01db0480f94a1dd082604997.png,PF35RXZJ
6ea29c0f1c200a44e260bb610998298cf936d532.mp3,VNQGWVS1
6ea9001de81b9d591a85b6de28e6b3337fdf8aa2.mp3,T4VNR1CQ
6f27223516f6cab116065bd2aa81156583783221.png,CCT0FIA4
6f3239826a78ede9f40ddbc90714d972d8b880a8.mp3,0ERCDDWO
6f6c4078a14c9dbf76ed01880cc2cdbe151ccd89.png,BTSSKGPR
6fd7a788cb32cf653ca9a337af14f916364772d8.mp3,TAVWN8RI
6fdfe3ceeee453927b834f4e0582bcb798e1eabc.png,LNWP4WV4
702b919bc97636d242581009d838355719101b82.png,1WN7EVDH
703775c0b2371c56dac5978148facb021b99bf72.mp3,ALSH1CSD
705f4c8750e3a0c6121457b4c21e883b374ab510.mp3,4Y158TWL
70871c0f6f643a1945834e15277e8bf9434a06da.mp3,MTNLHCP8
7089fed98d0f6808bde15cca418273616231a422.mp3,OIPEAN3D
70bf0b9e7b155467d7e5be4394454d9e6a7cf089.mp3,1OAITRYF
70dc9b4c28b6545780867e46071c73d43f9cad47.mp3,6MUUSLXW
70ddb9c42c303b95db1f25327fd4232473e49164.png,5NM9RFP3
70e899c81d5224b83c10d483eb97dfbab1da47a0.mp3,FC25WLC2
71142bed4798245f53f004aa13af466bd590b295.png,ZB6MSH3M
71391b3c0c976bd872b6dc33f490274af77205f3.mp3,1I0297XJ
721dc92ace8a9a8846a4cfb3b9c312edd0378f3c.png,2LE69TK1
7228bedcb9f7a08b6033fc03973b11ac0a3a40c8.mp3,TEKCWWOG
7274883a5c14eba32e1ea8dac3dfbf55b25fdd2f.png,BU7S2EB8
727c1dfa5c75cd23bbd6e2273dc426ff94b3ba4b.mp3,L680F1ON
728acc86059629b814f36c6cad094cc1c699df08.mp3,T4OVLRPT
729705094af39afe7dee9973ceaaa891fcdfdc2a.mp3,LQKU9TPQ
72a6cb0dfbcd38e64c84573bae7cce8b2ad7918f.mp3,U00CRV62
72af0b4401762de9b137b929903075a6664ff475.png,Q4WXI4HL
72b840e679d233d3dbb2681013f336002e91fcb0.png,ZWJBJPFA
72e8c5439459c0a7b53e89f88a0bceea57665275.png,VVP29AVF
72ec291beaa63caf7dbddce5d246cc3da020d8ae.png,X24BIGIL
72efdb09b2792f8b719f298ced701c4e475875fa.mp3,1KXTSD37
738aa5fc3fa845863a765ed7ab9c365e3aade8ee.mp3,O53FRBYY
739339bd0c27776b0437b77be608e44e8263959c.png,6YI4GU1Q
739438a79aea0cb5864d27a26c1770486c63329a.mp3,LM4F1ZOM
74059edcdd4efc7296a7323ea9bb8cec071604f5.png,VNS5V7FH
7422e00fb14f7a309f1dfec7c51c01fe1b0a22c7.mp3,CNTY14WU
743c78e9824d5d24eec6369376e50f33c2c5bb2b.mp3,4GXUNZRS
74527eb9a5e983b9aa8e4e01fdca89b91066f881.png,GSQLJOSZ
74540d55623e3057ad6ca45f4f96b47ede9f048f.png,E3PX2XQD
749a36ed65442df829749c3c894258e8d076a9fc.png,NVOHCNO4
74d28eb9b199331b59fac782a08d583d4eb14e70.mp3,7EU5QLOA
74eeecb3c8150451336f32e4156cbf03734dd065.png,X696GJK5
74f1453a66fcc7a67e4f12b86e7d5478cd76ea0f.mp3,LO5ERUVB
7525564b0226334cf4f2a152a286414d12b95295.mp3,P7YBWZIA
75768d7e68923e06c134d8c49fdbf31344d284ea.png,DV1LE5U3
75911b88fdd4080748ac6a8a1b5bcb58a155f68c.png,JMAQZZHQ
759182e2ce8e993d0d5e962629d93ac9aabb65dc.mp3,6KMWF4RY
759c9d7a930c7c083bd132679ce2b5f62caca8cd.png,F1U7UU9G
759da80799e306c028018b59c44a3525a41684c3.mp3,VO1T1XCN
7682734f7a9ef110b33ad8c4ca8f4cceb9280ccf.mp3,FXD0FPHA
768df8942f17242480d8741e7ca8e66844412bc2.mp3,6DCYZ73R
76a2ef91d07414c7de438345c4ccea3788074f1c.mp3,MRWLUJQF
76b2cf89f5f984c28ee3288fcc982730c798f7d6.mp3,9ZYOMAIW
76e52161e0a5a652d9be80978a300bb6903be51d.mp3,IABBWOS9
7706d20cff4d4af1eaa73085ee5ff16fa6233f97.mp3,T8XEXRA8
7708a589bbe1ff96cc5a97ef30fc39a1c19934d0.mp3,WCB948AO
776a90587939ffd88625a43d45b0e22d48fe82c6.png,KZYDI11C
778cf2d1635a5b6122886a0a830ed4b862332fdc.mp3,8D070MKV
77eb123d8a62fe504a19ba7bfdfa04be871d432e.mp3,2NTU47P6
77fd6c0366c277de7fc3a0ca9c3de2386d5baef1.png,9ZYQ244J
780d366ede98e87dd5c470358b5827d791747a3d.mp3,Q5HBOD2A
78168c5edaca3112051ff463a3a7ecd956ae2672.mp3,BMV7MVF4
781b493718b6c4d2c0363089b4d96f67c1788d80.mp3,628E6VFG
78271a8b8ec69d9c67e0c66d5b3927a82db77d9e.mp3,ECR0SDVL
7837d5d2544b098ce6800a8555eba57ae3e924c7.mp3,QX6W4ZL4
784bc122600572399d792886691b6d27fd0c61fd.mp3,87XHIBHH
7886ce35c514598c662a187af7d6045591ec7146.mp3,UL2RA1KJ
78948b43752b6568d0d73b3ce4126036bb79b3ad.mp3,IL5MLFGU
78a689d0a448a8c2fb721ccdff6b8e7aed2972d5.mp3,HFAQVU3E
790bd619c06f8ffb17945a842ecd96cfcfb11ba7.png,KWEUK9D0
79c86a151565c25d4726e0c70dbc9b1b0abe4241.png,WZZ1S90W
79d413184843edc4291c9fc316eb29ebaa5bf0d3.png,6I6YNH96
79f3c67e830349ceb42ee2d8eb4630086c6f248d.png,RQIBL5YA
7a029d5b432b85a8c794e990d61349fbfc82d6e1.mp3,Q402VIJ4
7a50497a0c7c746106edf4d6ca0e5e76452539bc.mp3,I7Z98TR3
7a67cca8f878d70737da28f231ff6f42c85deafd.png,T40IMW8T
7a6bc73f75af54c155533bc9ee15f5c1aa68e687.mp3,1O7L5URT
7a73f09938145d0eea6a58f81c107ec6385b46ed.mp3,9NYPJ8GV
7a799ea382828f2d8590d34778f7bd32daa7d0e9.mp3,Z42RD74C
7a880659e9e2a95aa8eebe1ba8faa34bc22837e9.png,EV57C2K5
7a893dc43a0439f4f3a06ff00e2acc8e89b7c9bc.png,K8SY89BN
7a995eec1406f3678a136a67dc116069d5a373e2.png,YNQ776ZL
7b0c5f331d0d1eeb44a62e59f8702bef331f3d43.mp3,RKQ731AJ
7b38d5cc7651a12c9e2a7f80b427c8cb0c222726.png,SIM22ENF
7b60059bceab123f65106c177d50bd8c201534fa.mp3,A4ANN38Y
7b69773bd496fad7171237c9feb35098ecd3c47c.mp3,72YMCQ4V
7b891a51e2bd28428d4f07ff9a0f640dc30e5feb.mp3,MLCIGX2I
7b9000de36756b63117c59f2ac724718c91ea879.png,L0UECH44
7b98ac12fb9a3eb320ca99250688bd00075878ce.png,40VGNI19
7c959f2fe76690ee198066679b036cf8039e2d93.png,D06GVQFJ
7cac8f35891f8b46e85b5ce42acd50cfc7a1fb5b.png,56W7TZ5F
7d2a7fd77b9519216f9487815bf65f0e8ced9dfd.png,5IBXFTY3
7d2cd1848426201551260071470c7438340cdbc3.mp3,YORX1YJ0
7d3423ac69ecef2dc3a984b5acf13745793e5c44.mp3,XDHAKTKO
7da2b9895ed7bedd562aeeca252b11508159aca6.png,7V3LF4WY
7dc4d99ffd827dcbf05c6d22c396f6197ec7519f.png,Q025Q816
7e22ef95b30275846d3fbfa1c2412952d50023fc.png,9AHFDSFT
7e39e70a4fac20c916c2eb4fa06ddeadf30f8418.png,1POHAT5V
7e5282be36897bf54a443cd2767950391ae550e7.mp3,6QJWVDIQ
7e6c1035fabf8f504111df4405e5497670fa4962.png,ARHZ0UFX
7ec1a6c3dd81c4d80e088246f6fbfe07faff781e.mp3,31TUWSRB
7ed180ea69433b8c933a3e299a14e5c9a82a367d.mp3,DUMEVLH4
7f3a6aaeb435bd4d4faddd6253423fed42f9e6c2.png,VIFZ2MD9
7fa8757c384f53e8105dc899aeba5f1e324c641a.png,NHKT9927
804f34ded70418238e66f5e0a4bfaba3fe2a6dc2.mp3,1UZW65KE
8080c1d5bad15d577c5b18a218bdea680d969cf4.mp3,SW2B2CWO
80904b560807232dd49b7adf53f5c99ec99af816.png,58ZWCBTE
80d9de0d8814356c05370f363a1abf47ac604ce6.png,CSZ5MR45
8103c1c0aad90cf162bfb5d69a5bc72fbbdd1b41.mp3,SND8P8LY
810e2cc8df021ebec7f501a9feaa8545347ad54d.png,WSHXO4CI
8112c6300d61cd6c728578202492067927518964.mp3,0Z1W67D8
8129123e27e31afbfaa792751759415c871bf367.mp3,GL6YO8VM
8134c0e29a7f07185c84569d0c65ccd7306a96dd.png,MVVT8YRX
81635ec25d1359013b12d25017c992ac1aa3481e.png,GCZKOZL5
8189c7d81d20fc8a06c96098da67cee23114f5ec.mp3,JPB82XX0
821be8d08b67daf24458e0be028f0a29485a0935.png,B53SGXPF
823292054617173af79ed6716d50cb2f294412c2.png,F003V96E
827c912469c57a05954d5019ae34372c34e6a51e.png,F1PC3ONL
82dab9b28d088e8fe46b714e44fd1aefa31120f1.mp3,XJL11OYQ
830b2aa68c90b2706ca0227c3e911ad03f3a49cb.mp3,IJCERCQ7
830bc3070aaf2acc02abc76fb0f5099e9cdbd6e3.png,5ZE6D3ZJ
83fa4479e548164a1e1f28973ed4c2305048ca97.png,J0VYE2QV
84960a219a7823e2907af92a1089338ef6aa8be2.png,NRA8UAO5
84c8791ae9276ceca8639587a7732c5944a9d71a.png,IIDUL1FT
84ddedde12a690abe1402bd4a541be33c70aca82.png,91JSBF2G
84ef3d6b3d186fabc872b1949b938548765ea811.mp3,5MFXRLWO
850a3051e4161202b42eca9d40c67471cb5b5015.png,KY3LSFBF
855fed3e3c71c9cfc1d35872159e53d224c41170.png,DR5CZD8J
858234872aa9a40cda5b71b721583436b62747ff.png,TZP596PY
85a247aab2176c53213a50ce04e7e760934fd77b.png,PO7G99PE
85af3b7f9e252c07abd5c018116fc2243392c719.png,MTYT3601
85e438c66ef44d601c320e035e897be02967c567.png,9I21IEGK
85ea8f69f37d5a2da94d70fb610f32812d4e1752.mp3,Z9FNHDJ1
863c5478c2b3df76401f3c2ed2625fbc32ceca0d.mp3,1K7E9RP0
8652c70dc7caa3aebdd2989842cb24887a03283d.png,D8I8VU1O
866ae49621bab51f66c0957d05ff58baa024539e.png,QRGOSJHX
86733e710c0b5516f1b5c0c504642342866e9214.png,GPJAPFRO
867f266df5d69a27255e63a6ee0cca6d940f623a.mp3,5IFNYB2Z
86965d0c3510c2956e813d7a2578f032eb30291d.png,ES9J2REB
86b58d2c2816fa089d377325bc38dafe5931721d.mp3,7LLPOTCC
86c2eb5dc2562779ab40cadbee307cd916bb727c.png,VJHEPPY1
86e27e181dcad9d7712ee2fc5d2bce56848eb8c0.png,V9G5S756
87067ad8b1af4f4daa65fb88a43ac1fb661f0593.mp3,J3WHU8N3
87652fdfe9ca2a0859ee8c2b0b1ef78961b432bc.mp3,FEFJFU09
876daf0246879b33f5c11ec0c99c58a204618e8e.png,M3RCJ8YT
8771853be90eb7457a6ae6b6f912a3c3437589b5.mp3,F3T731WJ
87b4ff35b4e19385a4de4ca992e7e69e6655719b.png,UH8GWLAB
87b7b55303ee98563efb4e2e392485d085d5bbb6.png,X2H27ATS
87d29a4bf9ab85bbb91faea4ff8a441507fa1c6a.mp3,PZIK46HH
88593d8e8029965d1138ef37911d2d320980ce4e.png,DRRCHMJ2
88ae8d2f6a7113f668f9b731039f933e8dcff1a0.mp3,WWOKA88H
88bd23d7c454cc4ff1e75d4a392fd544e4b576b3.mp3,9CPVZ5JV
88f3744a47b75a90a7b736ca80e4eeb76d3f6a53.mp3,1XA353RM
89043539c270e450194479a3e4d5dcb299158995.mp3,BL9MDKIN
894cb253460e98fe6fbe39238f88928dfdd890a1.mp3,CI4KZ0NQ
895cc8362953120bad485183a17ad864a0e29e2f.mp3,PIDO80K1
8989c5a6d6b8ba04972ed0e612247c5d4b3bad32.mp3,W03X8LF8
89d8b4a63fb9738bd61a950720b11fbea1db4971.png,IJE7WLFT
8a1288e6489a51420a25f3785de47cf91dba56f5.png,7WFSMK1H
8a3ef996d22dca9f014f8dd4b3e92897c2a52f52.png,A0RLPHYP
8a84dbb1df6e603d174fe35ae459363c9dd5e3c7.mp3,WXXVCTC1
8aa3eb7e176d0a7bc457ec392e58bad4a81d8636.png,0TM5DOH6
8ab2c380dde1b57f8e5eb88968f7aa4e5a3ffc72.mp3,4K701CP7
8aef8e5566469ae73c663f32d9c89077127e4a03.mp3,04BGGD3F
8b43026b026c9465e7629de2d0c6aea6e39a2d82.mp3,LLRKAAER
8b45eab28a23821b978ffd8a7c9c168e19b6faef.mp3,7MZH8SBM
8b46dd983dde1477816e2e9eeba152a33af86a07.mp3,SMRJZXKJ
8b57d274607fdb7ad2d4fddd7c21ce01ceda45d4.png,ATVLWRGJ
8b5e4b375f70610f3a02e2ef62ff3561e20193c4.mp3,QJOPEJKK
8b6240d24405cfc05e100c5168c4a106f3a6b13c.mp3,SM3KURGX
8b9f7ca821b7f991cd93bea1aac1abe353c465c8.mp3,X2C48V6O
8ba8ffd00e6c234ca793499e8e09f02edbe084a9.png,B0ZLL5DJ
8c058662d06879397fb9f5164ba7a94698eecb9a.png,MYTEUOH8
8c0789911a7c726a553abb13382b47b46b9af66e.mp3,KI640TAK
8c2fea9b894bdea864aeb03d8324e4079e25d5ff.png,BEABQHMO
8c9ef3bc8a6d21d0358aa4c1351366870b82aa4d.png,YRQY0A31
8ca36258760064ce59c42afb406555b881c07e02.mp3,C9DPNN3H
8ca56f66142a15a7766708455fab12e01b6f82be.png,ZYQ7FNV3
8cbcbace1d391d5ce51cb9cd126fd0fbdcd808db.mp3,8OTKDE9P
8d24f534f6dcb4c831cfa2a957d2422b68fef9e4.png,MZ8SC1NR
8d802fc11e01b09b93e951fa1b9af027be109f71.mp3,C7KAXX9Q
8dc44e8d0f0facab63cb41a5053beaf19aaef3ac.mp3,U1KD39CW
8e2f939f687df13b4538d9c30112fb23f8dd1036.mp3,ET9KAJSI
8e35b6eacc76a1b65aa3ad8bf8eb3a0603d333b3.mp3,JYU7V8DV
8e417c8b1616093ca2270c448200834415a71adf.png,YNFPFA8A
8e6c28e3de75ce5e2236a829656555e89d38d628.png,EWCU539B
8e7c762c1fb2047682a589f6de8c3d09d95afd03.png,31N813O2
8e8a55355cfb45a0d4698aad8853a84dce9c20fd.png,3J6UPGR0
8ec21804f907caa69d3362fda20c543877ba8028.mp3,ECVXY8AU
8f5d211376b88f5c83d7542490e263bdd84faf7b.png,7713RG8N
8f98763c4613d2e56da6c0468e8e52384d3b5c91.mp3,OZJNVJ36
8fb526886c5f39a682ebb53d9c24312df71b88f7.png,T9DC7I4P
8fff553d3cc01a78491f4a2c9f59b978c6dcfbc0.png,8NTN4JGL
904be2cf7731f3773921b7bd260167f78914ba3f.mp3,5H7J0UX3
906b4fe8374336d0b1acf5e6c2742a32898ad36a.png,LMMHAJN5
91070c1d81244c2d541669ae7c534c71e975132a.mp3,MRGE12ZJ
9136da63b83ba80ff29be76281806c088e2c487f.mp3,W13NB9G6
9158ad741e5edb418e0e2e48d1121779dfb7d8cb.png,FANXOHZC
91b8f8384414f1954ebdb80e31bb9da6d2a04551.png,V7AXCZAR
9233325fcd18210b99cb35ea6e00b810a6285558.mp3,NI0KNEQU
92743508da9d5a3ce8bb2d56cb7304c2bb78ce58.mp3,68VR7DIC
930e9c3004b96944a0e2ae22cb45803f44aa3f69.mp3,CCDD40JA
9311a52db969b7adf168e631d16fe960fc720817.png,0KFL58BJ
9341855b82108559be1c451b7cd295f2c25b513b.png,JFZ4ASIB
9378e381913a58323959bcb429bb0752894d067b.png,CAHM8ES9
93cd4c67190a6924882c6724e32df2607c4b7bc6.mp3,Z5DHSCDH
940c1a8d2188787ff12bb931fe135998f2ef88d6.mp3,MVOHA60D
944bbbc21507c42e62c2610ba64dc9116b3ea677.png,T5KPL2TR
946d7ccc94cd41eee165aef8763ce14acb75b0c7.png,DX8EJB2J
948f58d15d843636f15be2314433040f34614936.png,RHKDF1PA
948fd81ae7426d640a6bd1e219183e4d9a694618.png,DUCCRYK8
94abc6f586363a0db41f40be8ebfd45ba8b1e88b.mp3,FBMND7YO
94ae6f51a9bce6e4bb034a87b04b6c4b50167956.png,EW75XPHJ
94f3ab60a6ac1867e1b88129eed0861f87a3e8ae.mp3,KSZJJJ9T
9500a5d944059772ac683015716ebbc17f6f4569.png,6NULS3SJ
950f811c3e1e9bdaa30cec5b322b22d5d929bf28.mp3,6BYH6YNW
9532bafdf8265e04ee1ea83f937f210d4d4a38e2.png,WNHLB9GJ
953d3ff7ad9b72f4f31c35cbad1357d6fe4daf9a.png,TMBM2TD8
955844fa0b043debce90a603231bc851d7fbb17b.png,0JPN8ZT5
9579d75531e579f20e6e6575aa13811c0c42084f.png,KKO1U5TW
95a07bfaa6c80e102d7d8524ca75ba997ad536f9.mp3,EFI8K2UW
95d9017fb6253bff8e82ec952fbc5f1da46236e3.mp3,XLHK5QPP
95f1a5d0592de6c806f0766d62b2d2875a9db75f.png,Z12DLWIZ
965d1038081f728c5181c829b0511070d99ff455.png,K19KQTFL
96d8ea59fafc9bd36055b84025510495c660960c.png,ECXA573F
970f316a60251c9045aa40d3fc9b48c72d10e375.png,63X2LG9O
9729f683437e6ba3af37de25817466173e9ad3f9.mp3,V0W61L8A
97817a82285c50e9521f1c802cd62072b908d069.png,FO17YE2T
97954f1e750e469382e1600850dd3ac7427b1b6f.png,CJ43NN3P
97b7ffe8365a9f5285bb9a218fcabab159435b18.png,HTT2831X
97c5bbddf7feb508518125d58c5f2ed1ec303828.mp3,ACH9B9RJ
97e43ab7339aa19e0f15567b88cae408006509bc.png,AP3LV3OA
9812835b5d9e8523d2150966110d19ef9783f863.png,89NNKNCO
98200de476a8fd3d2e76b55b4465b26ab991f61f.png,9TUSRZHR
984e2265e4489dbf0432ab0ee72345c076319edd.mp3,AE4HSFNB
985648edf0cb1e387f8353fe3d13204036ffb752.png,DRO5WDN2
985a7f12cb797a752381d0d9d81e976cbd18b33d.png,R0D1NAU6
9860f2caf1d5b931e8cf570147dadaa7c859b5d0.png,6PNSKVL1
98cc6607e8b49adc380fa1879cf90523fcc21246.mp3,TPZNBZR1
98d02faaa57ef8b5f42e985696c34450bd3e2d8d.png,84CWEMU1
9935e26fcc5e4933be05f94505aac4983e4bac73.mp3,3NN0MS9C
9953ce71248659a00f7165115d3a97fe5302962b.mp3,8TX4J8G0
99a15e42b8fa522d972912b8c65190c2ed6f5259.mp3,MHH98KT0
99a5918e443543d4ba637862b8c3848fe232c3a9.png,BTQLSZTF
99ae1b4153fe6c1017f01f7b713d139a3835fac1.mp3,I7E20BH9
99c1981b1a093df9be960fa65eb6060ec77fe6f2.mp3,MUOEJ15D
9a4640c604d7a5abc6224b8789333e901340f761.png,ML1EJTDO
9a51084b982d83d5d89f90c06a57f0e4d3366ca8.png,QLDM76TU
9a631c58bd942a4c1d23d37464e7a88efcd8c5f0.png,DVEXVIXF
9af9cc0e0c44b818526d5b69f7c3e595b6c01f1a.mp3,UNRLA22S
9b20d6cc108fdd1e5c68f8701206e53f52956595.mp3,74ZIXQB5
9b27ec6b74a38c0e1803c2848abb4d99cb3aab65.png,VQX1HRJN
9b3f37dc9c807da2493ab9a879ed9d2b897509e0.mp3,ZVSAUMJI
9b7d9a2ee560c6b6f57cb1602b39a5542dac68ca.mp3,W2SMMEIP
9ba8fc97595c6bd26f16766415caaf6aae45c67c.png,4Y40KK86
9bc2f835eab066d2b9c4183b07f5062dcbfd207b.png,EXR5JDY7
9bce8bdb65fdcdd713c94c5c178621f67b74513f.mp3,3GO07ZVQ
9bfc93ac00de49d0353142e4bb9fd2438def0edb.mp3,2V8SNFWU
9c64451797d928842fcc5037556a05e60063d5f9.mp3,2O2GK3PM
9c74d683ff86441feb614e490e9de71d638faebb.png,457260SJ
9c817346e73859432871ee7c9512b266e3189606.mp3,FF0MGED6
9cea977d69d124c8818906b11a2df1e5817c3a0f.mp3,9GZ32U93
9d74e80c1b3f27e5d7227d67af65907afa80119a.png,DMQWMBX3
9d8c9cd467679fdf229192d9d48fd16967f43f5e.mp3,Y5HLX3IP
9d98520c5c360fd1f66152b4395f1a2e7f4b2f7d.mp3,3NWVF9P5
9df035bad8e82bd936d2a32c511cc2730cd8311f.mp3,Y1H6SQ9X
9e7fcfe4399a3d076d0ecaa5dc9a500fdc2d727d.mp3,NDQRMB7A
9ec378113a7a8047e824d10842daa26048d1ec76.png,EYYDTPY0
9ef103ecaa862acdd144a87a9e675cc5f9f93dad.png,IYOPRPHN
9fa1869011e97bc9f0f7a3d18767974d31935e5e.png,R3V99JWC
9faf43353ade937fed59d0bd61f4d959ddced491.png,YLXPNUSX
9fba27aa2da3b553ceaa8fcd4f8e487deee4732e.png,0JDDJFG1
9fe83f458a942713b656594ea23bfe4b1be33e07.png,TQWVV4BT
a01c3b9282af390b1508484639f6bc66d522d554.png,PL4JJNEL
a0263fb989dd3ae51db2db94629a027f4f5804d6.mp3,N04KMW75
a053033e76f07c13dfd03cd2cda69a4486501105.mp3,LTTIAMBM
a07df191a4acf0f3c79e4064a4f2578d15be1857.mp3,C7IS8GU9
a0a55abf9f87f1665ba0d58da54719e9d00da908.mp3,ZJ2HYWQM
a0b99d7013830b3611b8911fcb01bb63100102ca.mp3,6ZCM9IAB
a0cf5a35eff57c5b7236a50c998fc060b352e440.png,IZKB8TQH
a0d6690ed531ddf41602843fba77b56bf54c30c2.mp3,L9KWQED1
a0d6c856ffe2ecf7d6228512ef9da019e3281574.mp3,642K7H4V
a132fef954b38f2d91ed31b9a0ff417d146189cd.png,5XH0JWNL
a168edc9f8d8c3227e37d49a8bbff521d1ba39e6.mp3,6P80SQGG
a18644c1f5db55534757df3a109326f1ef51f57e.png,6USTO1YZ
a1a83f428b391225e3c60a207884268d6fcb4d61.mp3,8Y2TMT6J
a1add77d99439d1d188f0facb2a2492b7243ab35.png,WVC8HHIV
a205ebb22db21685bf9c242062d2d6b40a46a716.mp3,8XN5BTOM
a225c1674b6594af0bf8a8d59e5eb89917de9308.mp3,06ZYC4F3
a263ac7941af3293f8eb6b6676beed3eaaed07d3.png,BMQD56SQ
a2a6b15a48560f34773fc267a6a7cd99539d9ee2.mp3,B1GDGV5Y
a2b0613ca363bc413e85791f68bf1ef0fe739848.png,OHQDMIN5
a35e057376892f54a5ca04039d22c0061eed51fa.mp3,2YYSBQR1
a3bf1a3359e7724b31b9df1f858aa464a34e6bb4.mp3,PG464DVN
a3e327b9532bba4c09ac3936d43503a204b5f39f.mp3,5KHXFVNC
a3f732d15049e4d49066cd885b1252e8a95f1793.mp3,AR7E1M9X
a41dc7f8582ffcab0561d1abfb08f75b00e1c6de.mp3,UAOEWKHK
a496f47d23b1ce017f56c47c321d7c1b74a46a6d.mp3,3PG0JPYE
a4e7f8d4c14bb15d9b1b98f8607efc4877340c76.mp3,MCO5VSD4
a4f9cd866181d4e9e477fb51b71767bcd3e5d406.png,8VM0NTQQ
a4fb53636a2c378199d014aaa5832e0e3021b13d.png,D3N4Y0OX
a54f25bb0c80e8a1cc41dee5161fbd8a5b2c6167.png,85VGY4EI
a55933ccccbeb9cfd12d826e15cc876ac2e17e2b.mp3,LHF2SFXC
a58386a772a25148f071635d33c676715334f560.png,MZ17A91N
a590122475d7b2cb50fac5aed815c4cfccdec1c6.mp3,85TKYS8Y
a5b1dd867b285e591db1c39f3aa6dfe910c3349b.mp3,T4XGOKKM
a5d726a7abcaccaa5e536be061cabe1c7fef927b.png,IALOFPA2
a5fba39f2e3c83f5b1369c01efcbf08137d322cd.png,9NYLCE95
a60da2a7d7ccdce7d287daaa669b5a59a93585f5.mp3,95Q091LV
a61ed073ad174dc4ef9c34f1214b67f14b0e7e4d.png,JBQBZHKR
a6561bbfdba21899950032eb188780fe74c2d421.png,HKQQPGOV
a680186896753d3e74cbda73041541ee6c99d717.mp3,SD6SS5UF
a6dbb4e602a2dbb492379ff11e2756471107dfe3.png,YNL2GLHO
a6dec46272015d562ec2510cc6b1a6121c8b4120.mp3,56D4MHOB
a6f80ee4e8a9138e5e4e259c371929c96d54212b.mp3,JOC46RPP
a70816671effdd17d54aa48bede232586c0342ba.mp3,PNV1RFDC
a70ae3b45d2a744d52129b24fef87ae9c9c76a0f.mp3,Y61AZJW9
a71a9d2d34245f50c65596b9461f0705c450e4cb.png,ZMEP2X1N
a72be86db91140e0bfd0f3a11d4974a549dd11f5.png,FOS7209C
a869fe80bfe8848b2983e98f02fcc0b10fb8fc63.png,3LYCQ77C
a86ab547c79c4af3df13849dbfec99028e735f8c.mp3,KSX62RZA
a86e2498f5c7144e96bb68206a090cde8f655f17.png,4X7X59B5
a8e3420e9083861ef86ed9427247cacd438431fb.png,V7D88ZS1
a9145965eaaac8707b66b1898eaa5ccefdf720ff.mp3,5YF9IYAE
a94542e4fdd298bd16b1b0bd5a6f0376bdef3957.mp3,F00CU79J
a94b51f8e9c9b0c5368a5ee3a4a1467d8989f4e6.mp3,KJ7EW7S6
a957c225d4c11ead05c77b1bb6fe404ef1263d2b.mp3,E40CIJV4
a973a74e0cff557042b482f73e568698c2dfe5de.png,809BYVWS
a97ae40117344ffe6ff132b346e62a0c7802b98c.png,CJR96C6G
a9ab7d00dbd308f7c739125abde77afc66d97719.png,IWCIPL4R
a9d4e970b59b97ec5e871aba09f327cbf9758321.mp3,XH9KBCM1
aa0ee2f4fda236dc7f804c78c4d344a91ff844d1.mp3,A5PVUEEB
aa1676faab47b2989b18c1c6c87006bab7c0b202.png,0OUWNYQS
aa2616bbcb70a4a5dcd29e1c5b4cec3fc8c83f50.mp3,P7YZIJL2
aa8c93cc5ab24798d0c5a4c93937919271725885.mp3,20OHXZF2
aa9705bb73c156224d230b19b6abef60b8dfc711.png,022A1J7H
aae0db889e8a7a8482423121dfcc7b34cd9c3c98.mp3,CJD0E6SE
ab426604099c4897dfbc7fe42d7f3272cc95f3d6.mp3,JZBXW6B7
ab432b4f58650531fcecf5535878654734deff50.png,MOAEYEUF
ab770b443bd424676c5b56cd4e224bd93db359a5.mp3,YK633MAO
ac07075d028dad30bc3c132379c790b052a7be78.mp3,Z4SI8QWP
ac39cecdd6f6512a30cb9a5c6bf879426ac2516f.mp3,NI8GY9U1
ac5c5eae7e4564579734dc0bffa2272497cadad0.mp3,N34LBPEY
ac6fdaff54e5eac3938d77827bf235cbaea391e6.png,STFAVHJV
acedd5a46966e34c43ecb2b0ddb88bb752757c8e.png,T8434W5G
acf4535f35377f15c35e5c878a086fc2fe488729.mp3,NOZZJXHU
acf7d29145dd1057d24e3249bc1de40bedbebede.png,2KKDO3T6
ad00fcac45b83dabdcb5e805a8f3ef1251477c95.png,IQAH3M78
ad0fd5d6b47e19b57461a9fe71060231151da478.mp3,0ZXYV11F
ad1f9f89745bed1643e8c421c67db9e2855ae79a.png,7V6EZITE
ad1fb829da8cbb5a84c9aa27224f227a4f76f63e.png,NCCSF0C8
ad54a805c518f77baf0154909faf397b80b9b949.png,7VUEYGLV
ad85a9abdca5e6ff35cad66f3b9172dd4b677e8e.png,V2G9NORP
ade732bf47a6bc4eabaee2fc7444353bbac8a7f0.png,FPUL65JC
ae19e3b6238b15dc6696cb99e4e0b1a304d91af4.png,2ZVLCDGI
ae340aa5d3f6c983f5337e27824753ed4bee2502.png,LU2LIZMP
ae493c4f8eb405a9c858c87fb321eb7cc8f24e9a.png,H605BT2K
ae56bf84621199376561ec74a7a90c0c2c3f9400.png,O40D7378
ae69cf820515ab0ccec71341f8312323cffebd3f.png,MRJYCICP
ae957f904a3465f21e6c538e886bdbbcbe019b6d.png,QBCCPQLL
af1d7b5059ac2823a9cef9ea6c6682202a941145.png,GFPN03CH
af640af68eeb9ba5dc8536d9335af65f7b814c49.mp3,UQZU5KGL
af68147eaad2313fe7be413a7050fee5de83cafb.mp3,6JSO6P3F
af85473ab940ef57d8b951dde15dc435cd4875a1.png,Z7N2T2I8
afad8e278d7cec053944881920fca589e5e4357f.png,XF5ES506
afc563f20426dbc138273656be2b7bd778be8332.mp3,OMA7BXV6
b0512dd8c005879b494cc1d6edbb9be8a2835161.mp3,DG236QMG
b0962270586d4b6442e72e40f2a6f61f80e011f4.mp3,C3GKI8CZ
b09c53914788266979bcaf9e1bea73b39546f4e1.png,FF2CV44Y
b0e29ee13c7776a571d558f00852ed631116f498.png,0NDUXLA3
b0e76c8c66ef8cf6bc321f9b7f90d7521b9d1caf.mp3,J1XFU6NP
b1133e5b905332cdb38216d94838f375d587e7e6.png,20TU3ZAY
b12b43d2097e40bd6e14a5a41fe10c133d518638.mp3,INXQKGJ9
b135f8d219e1fa74c3dc87c2ed8b2ca7efc3abb7.png,51BT9QR3
b138dbb5b09c975c204d8c524d73d48fe028ce65.mp3,GNGSB3KT
b13d60c39efa1686a734c082530745aff1db8ce0.png,JIZHOHME
b14e54f4b9a4cb310d1b747eb549cfd0b506dadd.png,YPSFGS1I
b1617dca454eaa210a2f24ec54f15e166d40a361.png,6NFPB1K8
b178bcc64113feb6d9524799b10ada38fafe046a.png,CLXWNQRJ
b1816c9c7fff0635a71a333c929b9db794b5d99e.png,R7J1R2YZ
b19c86ef24cc5de166a41e54f4dd61d063e4d8b6.png,K46118TE
b1ce226a015a996a6bafe2841ee685b93b9cc8f5.png,8AR57F6A
b20187644b6014c1caecb643d96b08d3a8fd6a65.mp3,EXL6P8UC
b24e11568f01ea5e884fd4dd00046a2688dc44f6.mp3,TK6VN7D3
b26d205825e3a32ae56c2567d4ca570a4c146eb1.mp3,QKY016DB
b276d8063d5dd7f836b9292bf81da0a15672f20c.mp3,8SBXGWUF
b2a7a41827315f5d555416907b98b39efdd4eb8a.mp3,CWU1CJFW
b2cf450e65933fa14b0e03923a50a916e035ad9a.mp3,88OFZDJB
b355cd58e0c56a9da56836bc00ddbf22d29977c1.png,S8W5Z7TL
b373817127360769d4c274cd785e8d3efb3ff89d.mp3,XL4IBGSX
b3c98ed581deb1899f06c2dd67ecc07cfde13cef.mp3,CQW6F4Y2
b3e31988bb7d9117eeb939491a2be747e8b06147.mp3,DGR5JJ8Q
b410490cc5e15e5b33cfc07c61ff1fc0458b6cb2.png,6H7W1HE7
b42ced186c56c97d8547d1fd01c50606edcd5bd5.mp3,YAPBNX7I
b42e8589f6f100316763e539f1f113e06fe5eefd.png,WKA6CWNY
b46fe43980f9f58ca9c924df2df3c4a8a050e199.mp3,AFLE6L0U
b4d542a088457b7d9a53a44794434b07b76b4547.png,QK1HUY4N
b4dfeaa87d0079441208c45710f9fb062283e26f.png,102CVPRO
b4eb4e72adf82f53c33099e4fa3e4b16d058c566.mp3,5UVD91K9
b50adc3c57bf4aa33cee402e46e9daccc9b2190c.png,464JGGW5
b5174bb69acc22cbbbd719298ea5b0e52470a6ef.mp3,YESVENRG
b5bb5cbe2f4ee81f48b6ef53d8a2f9b0c050e630.png,1TT9DJ6Q
b66666160b4a4b2399939a590c8a032c6f4a4610.mp3,BJ7MMPNS
b6a1469ab15a124a86c6ab1cbad7dc7a61587961.png,13ZP3TWI
b6af691e5422ea4d7df2dbcf08d0821740c264a3.mp3,VRHRZ3U3
b6e35005b7d379dee59078b6839d594632b9cfe5.png,7H5ON54R
b723aeb433aba757eb8bba100132aa56836e1426.mp3,P437MHYY
b72f7c51733edcd0286e3fd560dad0f37de6ce3b.png,ZU4DI6Z1
b799d97ab253a35792c877d0e3586fbf062391dd.mp3,1SRJRES2
b7fb676a1c73b7b102a283b881780e30b937c49d.png,6JRUYQSI
b81412cfb387ee13e9fd38cb89c093eb26cafe4e.mp3,HOUE58US
b82cb77389d1514fbde40387d468354cd718c35e.mp3,CLA2GQRP
b8427dc5dbca6fda29edfb4fef6a7312140bf7ec.png,GH4Q1VDC
b84c57398e0099778cfc5684d9295b2b12dd3624.png,BUEM7C6T
b84e96419b0baba5cd243211b02df3d83a7345ad.png,XQP3AY4L
b863b98efc38feca2d13db5264d4a9004439cdac.mp3,MS76VTI4
b87169949dd40b9439d8c00a9a3ab130f90e58a1.png,0DEG9HJR
b8cd93fe979613e761ee9d4fcb08b2e8e9f04da1.mp3,1BJZEPJ5
b8e03234814268eaabfe96762c3b3faa64f91ddc.png,G0377RYJ
b92d0ade94b0663b78908036d138eb1efd609422.mp3,SKPFIT5O
b96a4c286a839db6762794dc742f846442e263e1.png,9DMUW3H0
b9af0583d533ba8b2810ac7a87e4512ccca3c18a.mp3,RCNBNQZ8
b9c82dfa579edee0541a4abb2fcfd4f75fd82dd7.mp3,K47KHZAY
ba3341aac0dc734708c22efde9882a5bccba9d43.png,OXNIBD0G
ba59e2790281db4b44d5820d1db1609d234efa8b.png,X93QQU8Q
bab700788ec258560cb1319de05b523b0b552d0e.png,2J4P7LBS
bae66bc1361bc018f1056d4e3cdc4e8562391148.mp3,HXK2Z3LL
bb0a7992a771cbf4295c4dab4045670fe6eb0799.png,42QXUKQX
bb0ea72c9bb38736e4f26054200d56fec3c0808c.png,9MW60FDM
bb37d0bec69e3c28f99f2ef77e74a99296666ecf.png,PJ6AFMA2
bb43f0e361621995b5017fb0dd680857c4c854cc.mp3,G8XMMAT1
bb9ee370a9dc96145e63ede97201b3a5c7834fd7.mp3,1QEU10K6
bba49d26bf58eea68f5e9cb23fcfb16d7e9e94a5.png,K81TINVR
bbbdcfa70cdfe63f42b195878d8fe4f4191cbdd7.mp3,VY53W0R5
bbcf2cc2e8076590ac7f15f11bc101cb27043949.png,EX72Z3M4
bbd14882e2694fa2c414b9fd6831160f329bc4c1.png,355SPO79
bbdd03b1210b1aa4d9015550ba306c9ba7442128.png,VV2FG3YL
bbea27a09c6f0082a1af1eb567fc16ffbc842308.png,WU17ESGJ
bc19840eaa239f736238d3e691b1da99134e9db0.mp3,9YO1H2R1
bc3b13377cf40129477519977150db23142c7bc1.mp3,RQF7Y177
bc3b7b85dd73a2056aeef870621856a61e33b1a8.png,COROHOQ4
bc9a8498c99e967f878248c57d5621e0fa610b2a.mp3,NT6RGW54
bcc8ed5d16425de283e7874f4ef03f9864c77a8e.png,39W3BN5I
bd74ee992a53d48b286555b92fdb805a3ddf1111.mp3,EVI90TF8
bd75223e4d970e6b7f13dd56ba3c7030994aed0b.png,PVTIBREY
bd85dc4bc98988c5d0f65d00338e3a52eb857e85.mp3,0PJZOE4L
bd8bf2f312cf934e55ac2dc2913a7b6a6128917b.png,SABBJQVO
bd953b6b1ed97f8f453524c1ae0b55e1c8b35929.mp3,ZIM384WR
be1a9767d07d3004f49a6348f203938335679292.png,MPQAL61B
be1b35e020d67ebeec0cbcb2433c15f864058904.mp3,MPEAIID5
be6a282278251b660a415f08d73522d03d9f3404.mp3,SAW076Y4
be73b8f0203ef7610eee977297708c1b71856302.png,G9RAAI06
be82490a7bc5cc7a1f76ff8ab25c5cc434b424a5.png,AL216RQN
be9a64aeee552cd70e35c030a391d6be115309a2.mp3,NHRYSSAF
bf07d4799c942b7d53c08c818068f1cf6a8e91ef.png,MNLKTX6X
bf1d30ce1059b37eb2f1841c6a47db068286abc7.mp3,19JDDQTC
bf32534ba2269ab392a228ca703ffe1af0e8ec48.mp3,41NV1BPC
bf37e3ecc86219e466df0cd58d985d32db8190aa.png,VF5G04JL
bf48666223749e2046a724508f170bfcd1b29f41.mp3,9ZAW5M5Z
bf831c3a6458b31697c927c6e91b56f000d55a83.png,ADSD4E3K
bf83d91ddaf5cdec52b944642357ffdae16470f8.mp3,OA4BEVRV
bfcf01eaed1644f749c504c94ae4579fb3bdaab4.mp3,3YCTT2MP
bffd9178e44f295be0621fcb711e67722b43e9d0.png,W951B2EF
c067587915d3d4a5648525d2dffd3bcf4bce358f.png,YZK9P9S0
c081ba2840b0b0e094ba5c318c6828cebbe62d2b.mp3,BIMT17L9
c13d4af34712030e9be9901c7868ddf99932a5f2.png,1W6G7Z7E
c13ece27172df234ececcf3e657e2eb9f34345a9.png,J2PQRJ29
c19248ed3e72edf1c07026d4eff28be3dc5b0234.png,XK8YDO98
c1abd72ff97f839b565661e02e3aef6f635db4ba.png,DHVJPQ3M
c1cb441a7d24d772b87034f6c137ca104b21a2c6.png,VDWV2BDI
c1cf30915e1baa91df4225382e453a98bf955389.mp3,KFTEMLSU
c1d7d683b59f55a363e88a77b7abc694034c1b08.png,92IXJM94
c23b37e6343413bd714f5e334610f675ffd14932.mp3,7FZ7EA6H
c25a553ab71a7957b2df701bc5f819842062b1ea.png,3NJXC1EG
c26b727a5424392956efe225abca4adc30ee305b.mp3,D1RR6BSF
c29f3763007ffcebe6b10b33ad9d26658747a603.png,YL1UKE7G
c2c4c450a96a8d127415b45c6578103779cbd020.png,Y9IEXYKJ
c2c501ce6e16a3944ff9b2ca7ea22a1af50c4df3.mp3,GVXEQLYU
c2c820171b89ec30a57707333a927e1634669657.png,825VQEQK
c2d4e94e699731a84394f23f92ae1ca056bf7e00.png,AXG3PX64
c2de8b632eebe6cef60d3c63efa52b3734e0ada3.mp3,8WDI256H
c30b3eacba56aec0e803b45eb95f496618cee0e4.png,YQG2JINA
c35787b5ded14f2182540a47697f1582dc25796a.png,01P7K7NR
c36ff63b3323168954757643a2c362e5eb274071.png,QEBSVINJ
c3d954f2cf56d5b46bcf3ae7609947c51162e62e.mp3,4H3D52C8
c3f4917919640f8eb5566d62c1a566ce0da7d3a4.mp3,Z5H28WQ2
c40210ef5792805ffbe6eff8f69659b0138e9a2a.png,M5RM8QYE
c4159ad825273cb5f985ba188d0bbc00558480ec.mp3,JLF25CK2
c420205e6a2ffe16cf6dfe745698c29b03026c0c.mp3,S8F49KBW
c425555d95154f527f223206cfe61db8e8f3909c.mp3,FXLZVK5Y
c42eff8e67b7d341dec692a9f4466ff00066dd6c.png,A7NY16XU
c49ff38f3e38e7aa6af0560c5deb51f37d3ec727.png,L853K1S6
c4e756d566cf6fffe637717f3555398d6447c66d.mp3,VC5TEMC4
c50cd74291602b30fb1d4b3499206722734d7ccd.png,QBE5DRCR
c544253766deedfd45b87eceb1db21a8e7f57a93.mp3,9BPLQQJU
c581e9fb810a2e7f19583cc4dbb0409db36d5a2e.png,3OBF1CVV
c5d2ba149e774f9f7c89749ea1afb8e39606cf8a.png,G51UUI0H
c5fdd829643df6add72939a539ad834f5997052a.png,C3705JC7
c607b56ab080dab9c3be75941c8bf19c82437f6d.png,SUZU0SFO
c6196c1212b8155d2edab820e2888860b93c9794.png,UU8WTNOV
c6b4a3374ed37fd2a283b631fb03766f9dc74c7a.png,NN7RKTFI
c6d4c44d47dbc6f39736cc6893fb3ece3f08fd62.mp3,O03FERVM
c6e702af9f48243e6789d0c6c42de0faba546e5a.mp3,LIUTEODQ
c72017dc0eb12b4a7b2bfdc4948f94e8f8e3745f.mp3,7Y5VQCDZ
c72d9307f9c7a26668bf937987fce39471787306.png,4M6MCXHR
c75edcb95be18456ecc170fbc644264fbfb9c9eb.png,PTSWHS17
c77c4b16fce20fcdba939e9bc59b5ed0419ecbb5.png,JS8RHEGY
c78707c608edcdd99f32ac440be8d61d4bbff0e2.png,MGJ2FCIB
c79b20df3237ed62af11069e49d9576519bbb0df.mp3,CK3A195B
c7d6c29cdc1f3da0596a5aba81626fce1def377e.mp3,TFIDCI8R
c7f4a284b2b24c6d9f80eca07730c09372045bcb.mp3,XOVII0MB
c815778a6e26c94e6711e09797db73779c920892.mp3,2MQTLL4I
c831a3fa8fc612ec8a2f5ab74225a30a9c471300.png,NSI88ALY
c85ece8acfc837a4789d281dc7b28dcdd4ccb4d3.mp3,LCK1CZFR
c89dd944e9880033b686975b04b59706bb97dd24.mp3,DZ86HJMA
c8ac0a0e861be728c786496bc5489da746bf13aa.mp3,Z6QICYNY
c91c042f94d8ea173b292b540eab835f14fdec90.mp3,ZJMWWWHE
c9c372a708ef16c02eabb9b0c93d10746a96428f.png,9BCLT1NA
c9cc80dacff8baf64716cbe8c895050ae6169e27.mp3,7QLMMTIK
c9ce7e72d6221ce44a8a2805887333f35c1f9b90.mp3,7T1E2GQ8
c9e91604e83b099484db282b9ed4d132cb744905.mp3,C5E93IXD
c9fd90b1d107c2beb57e72cdd21b8244c004802d.mp3,ZBG428N5
ca1836ed51ac22988c71a98bcfd9969777b7d950.mp3,ED68UCEA
ca8ed6c05243f4f73baeeb5473ca75be995627d1.mp3,ZKJPZXEL
ca96d61cfe423670968005a930831a849dc00cc6.png,42JYZO4U
caa927cc9568345494b7bff63c97ef464a56e2e5.png,5QQ7YYE4
cabb954f7a8188ed8f4e6269fc75243d0c2c3e7d.mp3,5QOCWYKB
cae988d99c796c9388e5dee1d97b9fcd8b28292a.png,7APZGQCZ
caf0552d9a9463afeb0e0a0034d438ea70a5d336.png,NT0QCZDY
cb079d06edcb414b445b16f97f95108d5d733d63.png,KWILOLKR
cb4d72bba612c313876bcbe265ae8416a59555fd.mp3,U494W7JE
cb911e9ecf873c23e7106af65a018d499a25425e.png,KE1IJFI3
cba22902c8421c6a5545d1c61fd6aafac603289a.mp3,GJFIG0SE
cc1b34d9273f8bfd17905e5bbcbffe2a9d5ba4b1.png,OG7A9CW6
cc267d97fa91a1d21708f61277651489ffadea85.png,VN8L5340
cc2edae998d66d5b2e24aa09270c9bbbb2ed5596.mp3,66WUVMM5
cc444b5d3130d7f8ec2d149a7633e231ca095ba1.mp3,Y19L53CU
cc654ab475d87e94bc5f550c93ad6ab8f25e34f2.mp3,IMQYNEKD
cc711e2e1da1cefac849d59a12e2b867933da1d7.png,0JGLNC4L
cc83a6b9ee029764977ef4a94f90f3ba1b50ba2e.png,O9PF7WGC
cca7e295008c991cd7c215604bf9886363efab0b.mp3,MJJMIFMP
ccbe96944a33052ab73bdf0993656768541c7da3.png,0PCF0U1T
ccdf25867b9aca87b8e26fb4df0154e8be6b4ace.png,C4YC7FXS
ccf254682426c3229c0274d4a39b506bed2ee6e9.png,V4XTTKOD
ccfb8b85123628f67b46c196f534f5529f18dc51.png,W1IHR655
cd38300656ace7e1ed596102ba8244fa09128085.png,FXQRNPGY
cd4a01fc024a11a3ff3255d89caf4c13a88580d3.png,KFOX306Q
cd8063d8388bc27677968530fffcdc220ea7a3b0.mp3,TW2QM4PD
cd86a523c0b33744d0a40b3ecc768d649d98c5dc.png,MOW1G6FN
cdade3a5629ebe57f1514c853d756ea5f1f042a4.mp3,IF1L0R8U
ce72350be0a32395633928b0bc90a36f502b4b7d.png,5FQ9PPOL
cebd5827fde823f03aefe4158648aab5f09e6085.mp3,5C5HOIR7
ced3317aa98d8e2627bca7b06972297640d50954.mp3,QOONKKX7
cf13d3557184c3ab8ee8a10eec508b2381b94152.mp3,LRNDGKVN
cf36e3d524ea446afdabfdddf45e7e832d5a9684.mp3,CEWLVB4K
d024ea6233f5e34fcc246f395f92bc435e569ad8.png,C9C6ZCYP
d03267c66d6bdf30da19f8467241c72475aa84b3.png,UJ3TE2FA
d03c765d7285fad7e74e1d5f8afd6508807c538d.png,HCM7WUPA
d0488e8680e399488c73d2ee5db8653b3911acda.mp3,4JC0N87I
d058f164512ae2488f901bdf8a23327c0e07055f.mp3,YKRR7C6L
d08bae25635687c347ce45390fc8dee2ea81ca67.mp3,IQITA6ES
d0b8fc867ce1a27950b981c521560c92d264cdab.png,BO2H8678
d100415a2f2b8bc6fb8c5f87fa83f496004c3dfe.mp3,DHY801C8
d1079f67a886c2b3ad331899b956c38649bb78e1.mp3,DZV5SDRK
d1774d04940c1c926e093f2134a17df5d15b1f3f.mp3,DQLXDA1Y
d1e4c31b07c0819b167bae0b4dec64809a0f7139.png,3LD960EQ
d1fab9d3a8a5dddcce6246c41d5a2ed20bee0127.png,V9NWMVJY
d219b4b6f44b4081e580fe064f6ff9afd78fd630.png,HCNQ6VW6
d2388d44efc3b2e9c8f03f200b57d17e80ed636f.mp3,EOV7646K
d2a152f360078773b4304858516f2c73173ef90a.png,8IR03XCZ
d3151e4a505af7ebcf8c4d6d9c9621b49432401c.png,NUXPXJAM
d31dcc4cea9d12c171ea5a7b6fa290ae35fd1c9e.png,P5U6VNVU
d355b0922301e3fc4a2803d9d0a8e9e214dfc01c.png,J3KSTSA0
d41429d7fa48c7593a93cc1dc27af16b9512e171.png,AY0AXNWG
d41ce69b35c216cca69ae79eae0d19dae0728201.png,AOP07OW3
d4388bf7beb878910d0a8434382130b82db7552c.png,IGW9F5YY
d44e7936190fa3fb4a357367e09a5a7ffe9ff125.mp3,4PH4Y3BV
d465a24548b2d8f8c84b74fa29ae7b8fad9834d0.png,3EWFF7VZ
d49a20799b5aa5ea7b9b36e5263431932c7527e8.png,7M2VO8UO
d4f9609dfe63ed6a99cc26ce8e093e88ae9f8c1f.png,R34R5J3G
d57d78278c71ebb4b08b232fc34e6cf85243486c.png,DED39RZL
d59b41e7e21050b1cf3fc19da96442e38eeeb2ae.mp3,LOGJEXBQ
d5c677d6205e1591753532276fbd608f5fdd5719.png,Z01B7Q3I
d609c4ceefed6caeef3ea719c0d9dbf7fb52c17c.png,YSP6ZCZX
d650a4a6e73293142564a1d77900cb2e25a1bfbc.mp3,22L0TU1W
d6518be1a440295827be3ead93200f77b95006a9.png,YJOS6LI0
d699f95818076301709b618c3191aa1fced82410.mp3,BB6RD7R6
d69cb72e438ad6916561d913aa8c49671b902624.png,7HB3IB11
d6a5a893f4b5108401f3d605ae2060a2a086d7bb.png,1MVD9JDQ
d6b16671354d0a586952bfd7ef1c4cb18a96aa19.png,H0MQISCO
d70483aa3a45d7dd668d0089751e6c0197fe3df8.mp3,8JJ0Z2CD
d706c553e0aeedff171c05530913750ff1879079.png,FFBTTZYN
d71a4b81da5565ae60bbabbecbe60b2e26fcbc42.png,QMLK4BNK
d74d18d7d5b1af272820ffb7a06a35359f4764ad.mp3,DYWYUV1S
d775406e323953a96f3bd79ac28d490d27a70ba8.png,YX3L43O3
d7a84da0bb34d6778296dcec226469d8efc9cb38.png,DGA4QP76
d7e2efc07a659f4c7d5fb0684420c48267d2ae67.png,SZH7AN4N
d842fd9711492508495365c0fb405b5056b45d2f.mp3,P9XSOUEL
d8940995c4666dc15f32a5fec41e9b86e73f60aa.mp3,INWGW0BG
d8a064a91de5e2fad5432d33175c7d7877bd083b.mp3,IDHUGCGR
d9009f858b2e44ad2676deb4f502ac2c12543aea.mp3,Y24KM3IZ
d974238a49bf6a8f7ba0af551363616a0012124b.mp3,UESMB8L1
d977077e04c263a33a194f9eb52921f9abcc6844.mp3,PS85CIQB
d9d94f88b84092c3d2e12230de8b1b8f07968330.png,94NSMSDZ
d9e339dc8f0daa410aaadbadbd2787ed7a209c32.mp3,E525UI5U
da1d563bf581bb0da9776d261c3e81c0e5c31d8c.mp3,KDBB91FQ
da1dfd06db1609f7c352a14bb0b6d7b2e9fe1d3b.mp3,QGUU112E
da1e007758333d683f79b5367493de6c1f0eb0cd.mp3,T121PHAW
da92a39901da2d95e6c61b4186ca90a983417472.mp3,C2OGOIGT
daad0b0d216ace4b5bf64462352bf1ea3a7ec7d9.mp3,1GH2PTXW
dac323a62e9c80060176794d455f5b475e5675a7.mp3,JT9G300V
dac92838e2a3c667d45f0cde160fd229a70ffac2.mp3,U5G76DAL
db4889adb7329634d0f8ae56d7f00953e7465995.mp3,9M4VLWMU
db5af10af74b01f92877dd2a7fa347b36ec3ed9b.mp3,0WDJFWZO
dbefd47ac4a8a8ca8e2d016e70c7f388335f38d5.mp3,075X8N2Y
dbf216c7c57ceb3feeaccd44997c6bba9f62f979.png,MF1KPPEH
dc478a0109e7cbc148a3f7ec16069043dbf60d97.mp3,GIK6K115
dc7dc774c69a2f1aaf2819766b00437b2486ae31.png,0RYI7HMB
dcad403e1ba5b33b6e8546b05f0eff3cc821c463.png,2OQH18O0
dcbe9b0466ea2e8cc9f16c6dfbc42ea1d4645ea0.png,EIQES9O6
dcc70943750092bc9430ef68a25b9d40932f8f44.mp3,RWCLK3QG
dcd4746b9cacf94037bc301cb1452044a5b6fd93.mp3,BQXTO517
dcda603825326bbcbd2a87b3828733a44aa525ad.mp3,566NRRUO
dd290f25f94d78060f50ea5a39970f2a4ff352e0.png,BF1LGAZU
dd291d73dca0170f81bcc1365bd0b9650d01ba1f.png,J7DWMIJ8
dd2953de51666f35e10cb4d084a4cbcc67fbf38e.png,CA0Z2GO9
de05bc8464ae2f64730d225bd226c7eab1222864.png,C7Q7GREC
de1b578101dca55e9c589243717ff614dfa1af5e.png,KM86HVB4
de1f412d064bce52eed3da93b61b604778e7fd57.mp3,I7VD9J5M
de30c92a6d42ba970b6a884a26e4774ae433dee7.mp3,2WJNNPBS
de861bf555bd5ee3e2dd945c2c3245e594ba5f3c.mp3,3AH2U55J
dea9182f070945bba66df0e686d63c7bffaaacc4.png,4V1I0E63
deaa7d2328f76d33a1e4bf337d2123eb07464f31.mp3,ZBGOMRJM
deaf58eaf4fca633046eed2d6d0c208355c40f3a.png,LSI0AK9Y
dee1a39922ba59fbdf1a165fe0cee2fed4adb696.mp3,985CLG9U
df76f028740c27ad987224d51d373124efaec3ff.png,CEDHWAZD
df8992753cc966cf8101d2f2d1ea95a30e25db21.png,MKF1MXXL
dfc69d402c97d8d6cf38cd929fb5f577af5c3dee.png,R1VNCIOZ
dfcfea8ff161ba463ff28f41d69a60a276972e0a.mp3,XLAWZDHA
dfe92771be41053ebdccaf12b5b0b473b7ca4704.mp3,XI020G0S
dfee9a57e0d56ac6deaba037f09088ac6794281a.png,AB7C0SQG
e00c91cc9e0b940cb96b25900d136faf7e3b1809.png,J3CEH9GP
e06bf3611aab24b630608dd4e72d46caa945f2b9.png,IOIJ1748
e07bcc46eafa0a2ec9484f3dd33a2c9cf15c34e5.mp3,TBZSR6A3
e084fcaa45eb2fc37929eb0d277fbb682ccbecfe.mp3,27RK99RV
e09704f644ae3d2fe73837efb4f7ec6c44c8b973.mp3,5LITC2GN
e0b4cf214162191cc819d5e11e951c9b433f79aa.mp3,5T2BKBHN
e0f11f655d47d93eea2ce71f88d1bc756d9969c4.png,FYPYSOPQ
e10ebeeae9754ebfe79cf95ea04454ca30fc18af.png,27Y7JLMT
e164a509189c35ad8f2dcc651d2b660492915df2.png,3QWNJ2TC
e16aaf1d08fb821930e2661ddb54051fa956dd08.png,IWTW8W6Q
e180eb15cc055685fd05754dba7f169b54e2986e.mp3,C0R44I7Q
e18aae13aadf6b50efb46a86cc4a0f55ea7accc4.mp3,JJTA9FH5
e19040ad72596a920660776d1c836898965a976b.mp3,FYS9I88F
e1930fbd4dd04b77043083584f2dbf12e14e6758.png,I3U10935
e1a34c94fea84c5025e71421feb25155a1cc1727.mp3,J6XRZ9K8
e1dd811f1601c98588fb6461640f956686b5b240.mp3,T642M2OD
e2197a2ef14f2604b1e02ba71ed43eada7ff0093.png,KBDWJBG1
e21c2dedc0e540b79ecbc1c6bb021802725ebd45.png,KNFG3ICO
e22bc3b5937b3c6755a2742554e6b0081b26735b.mp3,XXXLHQVY
e22e1edf5186f57d07f26602100d09afbea16d2b.png,72ULUMDA
e278023aceaa5afe2543bcbfe6b8771a393a9709.mp3,X6AGQBEG
e29fca717a3e99c659d7d247a43113d3db97d8ae.png,X0U168MU
e2a93c1bbd4da4ecffacb0c25183358bb7c6cb60.mp3,4914CIBV
e37a0638748c3c322469e4ae635610b8c6051b88.mp3,WJJ79P8I
e39d4ecfa4c731c339360c4f8e15e339df951bda.png,MO0HFK8S
e3ce31d7c7985d5e2b4c5b6a6298ad63495a600d.png,IVHKE6X1
e3d83dce68f15b37f8f7600c01c64ebaee9e55fd.png,MIL7DHUG
e3dfa073d277b0487a09c7c6b6c892b4b4612619.png,Y71M4Q8U
e40247b5328d1bfe0e4419bc5874e843bbf81ef9.mp3,2YXJRI12
e462a6c6f6b5469db4b944a4002b5cf7221ff368.png,9G606B62
e463e361ec0cbfc2f37b8e1760aab8f450a4e15c.png,5OGHIKG9
e46f1c7d01aa765cb677c5abdfc5754523714880.mp3,C6VNUW1Q
e4b7c743311a1d87916574e3e1049f742cb59fe8.png,9C75D2DU
e4cc72a4642e2b8e6589e2104bc168e5c7d6f8a4.png,97UU48YF
e4fb5f2339550eb16669eee86562363fdb38f2e1.png,YSASNQFY
e4fd52e8d3427c2b5f68f626e76c7379a73f5167.png,01KC8UEO
e52849a7e4e893fa137e3a0e2caf1183f2778ba5.mp3,H8POWPB5
e5d042a2e6e9c3e0f3b865f778e5389e6100dbfc.mp3,96VVYO3B
e663873f0ba152625de8608240128f912617bd21.mp3,CVH1NV17
e67bc73e70a1bd300b8605aff33065dca1ed0dd7.png,ETQVGSPI
e7454794c5993005d2e67dd02671b9e821d499ef.png,FFZ3QQ4X
e745dfb63bbba125f1640fb3c3174b28749c07cc.mp3,CTF6RS0S
e74c5d0acf34be9dc41a7e32106112aee91aaeb3.png,JSE5H6H3
e77a556849fcb6b41dec8f2a68f4f3763a78da65.png,ZKS2K5CZ
e7cdd3a6943b34635ca2a2fc863162c044aae77a.png,312KFWA5
e7d3e4155ffcec8fc4870236727e9bbf01dd6d94.png,MPPZX2D8
e7db83cf966915d389aa277faba00249600b9fb8.mp3,9AVEWIWP
e7df69c7b929bf737a286b3d3738c58a54eaaaed.png,I70GI6VE
e7efee1aa7e20c91862eaa966cb33bedf9d301d5.mp3,540IHENQ
e810d3189d65d9086459b80cfb191bba2db55cea.mp3,KNEIS5M5
e839920c3c40649d77b40d99f2eb05266297bda4.mp3,Y771NC2U
e8bc6c590f0c9b955df91543e39c0e34ebcade87.mp3,TGPBWN6W
e8cca43d5dcfe3a2167ced5f125ffcd2e9f17aca.png,TTQXXYXC
e91e3ac1d3270b378ff5ec89027cba7538f25393.mp3,PWY17XRH
e9447362b11d5f63f88914b5a4745b68c71a57a6.mp3,R1QT1ZQB
e95fdfd5ea44e8ca4d2c97f8689a40c3d808761c.png,2REE2E1O
e97132d3bcd036ce251c579a466b458004aa5609.png,GNW3NLBB
e97ce71d76374ebf88f735cb51d1372cf48d5fa3.mp3,XQOI82BF
e9a700d125d859927825d613c5c3cd20110099e5.png,TIR62LGV
ea203bef8231960d9d6b2766175e8aa8e6dc34a8.mp3,DMRZUGDO
ea4b4ac7befc4125acedb2c103a3c991bda4973c.png,C02WZJJ0
ea577d912be0dcd112c6fb2b5f5e4b19cf83241a.png,R10H3LWN
ea6cd1879de364bdc6330d5f0b022cf9a9d89134.png,JR0L4CMR
ea7a789c7aaa3bd347d462c7ec2a5a0c62e45142.mp3,C587AHQ7
ea98ca1ce23532c5a892fe5882f296850f33e5d6.png,1SM76MW2
eab1bf4cdb68356388c0a90176f8b8a539fda248.png,GWVIPYSH
eac8af474a8e66e881c796d093fdc4674210c0ea.png,M1ZN5UAM
eaedd099ba63fb14ed9eb849828c37403ebbb419.png,W6CUCGDN
eb2bf356dba1809da1a3b757c95697e3090b6074.png,TKWLQESM
eb412f1496a0ef8afea296a569ecce605107fc9b.mp3,BZU31SI3
eb499be3be2095c2692194e4002f21fcf03fefa2.mp3,WE839AS9
eb7e1fdd90bbf0523b1f635a4f0c152744e42546.png,P8HFSK9E
ebbf6d419a8abebc5249520a0f7211b2557c46c0.png,LVLK1WSW
ebe05da749c09d3dd4439bd7ab07a32a0dd85a14.mp3,AFN1JR5J
ec15f2c2209b6a4c232c38d955a3dd50a1c87b4b.png,82GRX9R1
ec4ecf9c3ef59ddff37efc06b77c303acacdf104.mp3,RRDPS76Z
ed351f075fb9191fb6b4958df70d690838f67b79.png,5C4PM8CJ
ed3d24634665610007fbbd55c1fadcce6649df57.mp3,VCBYB56P
ed3df244cc4d944800a47b141b7356184f5d97da.mp3,9238937W
ed482ed4a5c8eb57fa7047f010b3261243be98b0.mp3,CIX5GHRJ
ed69a6b8928f61f46973d90e943d22ab6cd7aee2.mp3,S96Y6XIQ
edba61cc08acec214fd05d431336ac0aef4a4e98.png,626Q9YXY
edd52cb2006ef4a1c143f06648b817c79dae620e.png,S81RU6JZ
ee2876179025ee30f28a48e2be28b85b29a629ca.mp3,V5YKOJ0L
ee3272d891077bf159b303c49c89035f48b37395.png,QG0CPEES
ee36255aa3d2c03b522bcb648b4260638be98898.png,0STAR1YZ
ee52148682a21cb886f0a6f5c2cdc9aef5cad642.mp3,3NPOGFCC
ee6327392fcce4bad04e0986a7618d0d8a11c679.mp3,OHJT07WJ
ee77ee9b13532a5fbfdf35c4f80b549d363cc6ad.png,TI6X3TCT
ee8a812951a5c2045ef2b6ad23711f30c7ec3f25.png,JRDMDO6E
eea3454f45aeac699e71d4306d3b63cc75aa45fb.png,MQ58RTJM
eebfe247862ad296204b7a02a502c468687a6d94.mp3,V7RYJRS7
ef13c9e77ec242377249f0316292690f88d62265.png,DKBFFRL8
ef1d77a1c7f9f826ce61dd0b876cc1a115a1d81c.png,VZ52BSTZ
efb7a8a099dd62d99e8fa5ae477565ec6052f209.png,KW5TS3KF
efb95b6a4a0b20c32ae1fd1d8d252809e47de981.png,P840AT26
f00abbdc284ddfcea75bc9b552ca84af2c6d4288.png,3PB496C8
f0147e26b49f2d6691683c9e1e8756c2a54719b5.png,7A7LAMPM
f04b598a0a236ecab92ff6c9a75a35b20860fabf.mp3,7LWSXHGB
f04c135b76b14eb693614478091ddb5888fa73e3.mp3,2PTP055X
f0a872edd61d07171a7aac21b6c38190ea1435f4.png,QQIIOAT1
f0c0e9f6ddb293b242e1d055debc15dbe398f636.png,JSY885A4
f100bd8773a5b0af817b2c936df883a0b439691f.png,SWCM14J1
f142f914da2ee603c5e9b1f63de3ee923ae7d58b.png,GOSFJ6SN
f16c38fafd32ed605a64904a10bc8ab2a013d1be.png,STSHKVSX
f1ce52fdadc25a8688fc36fc35b482ab1777e94a.png,O4KT2A5K
f1ef2144094915aae9e452b050ad5df87b436ca6.png,23NJJV49
f1fc905849806918261966e52f7af19ef766cd3f.png,46IX2HFJ
f21f12687d42acdd2021e485a957858f5e8bd53e.mp3,VSL6OS57
f2277b3b98c275852fb0b6bc288bb436cb7d8e19.png,5GK3C2RI
f23e3b7caaedc38dff8ea65a8bb9d2cc2bad9c5a.mp3,W096O4FM
f293590aef5b4457bf715be3785c2c82ab02d264.mp3,LJ9XN1K8
f2d3325aaab7fe79e9bd396f326fb3155d5f6d66.mp3,O6NVX9IW
f2fd5654c228c96b936fab4fb51a5dd6c6956cba.png,IK42RV4F
f302ecd0875a221e53746c96433aaf677b15dc2f.png,CMIEK5UJ
f385e4c433a777fca9a05409969b995bc986b0fe.mp3,PTG4X9U6
f39c9ef7b1e9a3ce49131a8a06d1c3a6ea19981a.mp3,9B2CEGUE
f4115605926d4558ad9cdef87bbed917125e22b6.mp3,VUKPHTNK
f427f9190ff3b90515796a030fd49aa607b5bced.mp3,K9U5RBSA
f42c135a50517c147b79915a982739e5fdacdb8f.mp3,L6N98QA3
f46b58081514126bfd4b1914700af87018034a79.mp3,ZVVSQQ38
f47ea8986e97d131bf5e8a7967ab9a136fb13f69.png,5TXARHJX
f49081d227c5c7dcbb6cc7cc6873d536566a1c37.png,TOC9XUKL
f4e6047a436e449aa619cbc9ffb2bdd50fe1974c.png,JTEFBKN6
f4e6d1bdff32c0eee5f595e505941a729c45fba3.png,34XAPNXM
f5011b3354527ae4de92e0ddc326b457f4ffaf31.mp3,PKDVV226
f517c1dcf58dbd21a27c649b879102f47ee09b33.mp3,FIKP8YSE
f52febd04691b3100abb4453e37825b1dc029235.mp3,DL6R6NNQ
f53150c4e69e1542784f32940dfa0da2264f3931.png,5SYWM8X5
f53b91e1b4ecb0d43c84654806c5f6f86772f795.png,G2VJRGLI
f55a2a3aa42edcc28f82ffb2c729a4c54aec54f5.mp3,JEOPXPNQ
f56476cacfd06801ab0525d56cd869a08f58cc5e.png,BMS1GYYE
f5b60d83955412c6a424a1a01831b26c7b199075.png,STHZSWJQ
f5e5484b9f74480db6827d1f6fc006d792aacf84.png,VVU6TT72
f5f9f70227e6ce8431210adcce4caa293222d441.png,4CWAJYW2
f633a4436ebc9753b1950be4b03e9793ad41b102.png,96KOC9EK
f6790a6c01dbb2bff9a23d4400fe1acf536ed7da.mp3,3CHHWWZ8
f6926178885394b78cfb4ce33140c33585e04c2f.png,HIOWHPST
f70ff825de01a8b5f0bcd8146a2dcc34bd627468.png,1BRIVE0K
f74d3cab7a0881668747f2db53598b624b78b99c.png,I26UGJKK
f758dd45eb8423f7c573beb52ffed0fe8de41dca.png,VM7ERXDJ
f76a4d4cba35ef7cd933f972a2447462b047ef63.mp3,CRGKHJH6
f772c1e0506bdc3790e3148bce04d52f013e2a77.png,EA906N2L
f7c8c68272ae0b3c795de5b6f02e1ca4bcc7a96b.mp3,AKNU82NV
f7dc7ee11b0db9814b91ef1d14196c41c5539bad.mp3,QT43UM7A
f7df07db23fdc43b955e37485905209aeb5eedf4.png,MHBY6W5Z
f7e5687229473b0221829f57f76c8c6019787e19.mp3,31ORSVHR
f7e7480e120bf7e4820432b584c66507cfcfe3ff.mp3,7ETH30GF
f7fc9a58ffdb64c6d252a663ad415cd41978b546.png,QY5PGUA1
f812519cb50aaf75971402d64fa6424fa438df46.mp3,780IQL6S
f8347dce4c8191a2a02090bfdf7a5e38ba89228a.mp3,0AQWIKDT
f85d497e2231570715e9931e987f14efc9d6da31.png,CKWUSDWN
f8803543fd7f02f8dbcdd2c2976227d4b79d3071.mp3,FTJZUAZR
f8b6c5a7bdc3ad8d14acf70b2df9e8d257df55b9.png,J79XJV3H
f8f8c9e06a3759644a883a3144e454a7da835058.png,GENZZZ8S
f92ccebdaa6501551d2dda55c30bfaf820c0a38c.png,AH6H5MIQ
f9305c8e898bbc33c47355e4f5f064ec763da1c1.mp3,JN19GJ14
f94dc6caae50d7a15975bb46162dcb1912870426.mp3,C4EW3W8A
f951adbdfa0b0af379e46b79b5b3a9e6431e5d28.mp3,NA4S5XO6
f95b663437dcf97164abe348a2d0c255721f847e.mp3,NQUH1HRA
f96c31ccc024ea1d702cb389da477991bfdd3fac.png,ORUR1K7R
f99b3b76af719da88be31022fce68e1334677f4b.mp3,T95SIPHO
f9a3aba8923b69bfc03f638b9ba00be40f038a6c.png,8WFUGGTD
f9d12aff3109862b4b30d5313166d901b18edf4b.png,F6N4OIEQ
f9fa55465f623c2873ce14671069b1a84ffe5165.mp3,0Y34ODZ7
fa72566cd8077cc6db4b34c7e8cda8528c6a36f9.mp3,09U8HM8P
faf269639467db0bcf255fe5dd9dcf38150678a6.png,7G765IPN
fb16fa59176519346ae97d8eb364e00d5ba7be89.png,2EEN9AEZ
fb8ea6f2e7f6dc15e196bb1e7bd80b448a06c89a.mp3,F1CRD6ER
fbaac0fad9f3c660ddcb3cb0dc4050d33ce0bc12.mp3,UCKR335D
fbab1c0554b1c2ef643f1d7c45a50f6500bce244.png,ENFS68F3
fbd5d8b9a4b66cf95e565ff38a8f0038e611498a.mp3,ZCFQWKLX
fc08101659d323ffe0ad70abbed5ac2f11ccbdc9.mp3,WBGAOBK1
fc14fc9dc1f1139bbac4dfb191bcca5f2b767d10.mp3,DDMLHB3W
fc21806a9355ccfa0ea3c7fd3ae2fa343934b9c0.png,G0R9KU0L
fcb3ab4675b3526583dcb05f1861fe70fe7cc6d2.mp3,1IOP3HKR
fcc13b31698527ee10f49a958e5f812b106ae26c.mp3,CR3JT5BS
fce8315e555fde4f69ac3203e6ab85457f296c6d.mp3,MR7YMOFK
fd1cbec37178b31d04d56f4382a5e29ae4a78179.png,GNASDCNZ
fd21927f8906dc047239379bb6f825aa374a6c15.mp3,7ZW7XDQ5
fd327c9e362f87981f894a3f520b3ebb4b12aacc.png,2FTLKZQ6
fd3896f7863f662c5919a27ce80995b697cccd14.mp3,P2KFGUP7
fd4494a62eb6263d4a89b31bd538b9696d416571.png,JPBH31FM
fd49c514b59bce46f77bf50c97228a63c57f4a71.mp3,NCXAJH1A
fd6a25efb29ed24541f7692e84e47dfc2b70b4a9.png,9YAXN7VM
fd9f0599441a63baf7b9cdfc53c11fc4af69cb39.mp3,4UU7GC97
fe62c544b56d778d7ac74a8f985f647da95e57c2.mp3,32CC04IA
fe643b1695ee302e93b7061417ce7395241580b7.mp3,FM7P36DR
fea904a5cd111d9a739fb9cc35e6879cdfc3680a.png,WB3YSDGK
fedd62e699b9e254e8a4fce56aada3251a5bec7e.png,M1QXPIX2
fee5aa087df3c51d285728a472c47cb4a1c16dab.mp3,HE2S3H9M
ff48896f20fbc27ad49f9e89dc047287d44375a2.mp3,LKCFYJH0
